<annotation>
  <folder>input</folder>
  <filename>2020-03-18-17-30-00.scene_0025frame-842.jpg</filename>
  <path>/home/luan/workspace/pytorch-ssd/dataset/JPEGImages/2020-03-18-17-30-00.scene_0025frame-842.jpg</path>
  <source>
    <database>Unknown</database>
  </source>
  <size>
    <width>171</width>
    <height>229</height>
    <depth>3</depth>
  </size>
  <segmented>0</segmented>
  <object>
    <name>plate</name>
    <pose>Unspecified</pose>
    <truncated>0</truncated>
    <difficult>0</difficult>
    <bndbox>
      <xmin>61</xmin>
      <ymin>191</ymin>
      <xmax>97</xmax>
      <ymax>207</ymax>
    </bndbox>
  </object>
</annotation>
