<annotation>
  <folder>input</folder>
  <filename>2020-03-18-17-30-00.scene_0025frame-939.jpg</filename>
  <path>/home/luan/workspace/pytorch-ssd/dataset/JPEGImages/2020-03-18-17-30-00.scene_0025frame-939.jpg</path>
  <source>
    <database>Unknown</database>
  </source>
  <size>
    <width>116</width>
    <height>126</height>
    <depth>3</depth>
  </size>
  <segmented>0</segmented>
  <object>
    <name>plate</name>
    <pose>Unspecified</pose>
    <truncated>0</truncated>
    <difficult>0</difficult>
    <bndbox>
      <xmin>50</xmin>
      <ymin>97</ymin>
      <xmax>73</xmax>
      <ymax>109</ymax>
    </bndbox>
  </object>
</annotation>
