<annotation>
  <folder>/home/luan/workspace/pytorch-ssd/dataset/JPEGImages/</folder>
  <filename>2020-03-18-12-00-00.scene_0032frame-228.jpg</filename>
  <path>/home/luan/workspace/pytorch-ssd/dataset/JPEGImages/2020-03-18-12-00-00.scene_0032frame-228.jpg</path>
  <source>
    <database>Unknown</database>
  </source>
  <size>
    <width>144</width>
    <height>174</height>
    <depth>3</depth>
  </size>
  <segmented>0</segmented>
  <object>
    <name>plate</name>
    <pose>Unspecified</pose>
    <truncated>0</truncated>
    <difficult>0</difficult>
    <bndbox>
      <xmin>71</xmin>
      <ymin>119</ymin>
      <xmax>100</xmax>
      <ymax>131</ymax>
    </bndbox>
  </object>
</annotation>
