<annotation>
  <folder>input</folder>
  <filename>2020-03-18-17-30-00.scene_0022frame-263.jpg</filename>
  <path>/home/luan/workspace/pytorch-ssd/dataset/JPEGImages/2020-03-18-17-30-00.scene_0022frame-263.jpg</path>
  <source>
    <database>Unknown</database>
  </source>
  <size>
    <width>208</width>
    <height>255</height>
    <depth>3</depth>
  </size>
  <segmented>0</segmented>
  <object>
    <name>plate</name>
    <pose>Unspecified</pose>
    <truncated>0</truncated>
    <difficult>0</difficult>
    <bndbox>
      <xmin>57</xmin>
      <ymin>202</ymin>
      <xmax>95</xmax>
      <ymax>223</ymax>
    </bndbox>
  </object>
</annotation>
