<annotation>
  <folder>input</folder>
  <filename>2020-03-18-17-30-00.scene_0012frame-2577.jpg</filename>
  <path>/home/luan/workspace/pytorch-ssd/dataset/JPEGImages/2020-03-18-17-30-00.scene_0012frame-2577.jpg</path>
  <source>
    <database>Unknown</database>
  </source>
  <size>
    <width>197</width>
    <height>231</height>
    <depth>3</depth>
  </size>
  <segmented>0</segmented>
  <object>
    <name>plate</name>
    <pose>Unspecified</pose>
    <truncated>0</truncated>
    <difficult>0</difficult>
    <bndbox>
      <xmin>45</xmin>
      <ymin>187</ymin>
      <xmax>85</xmax>
      <ymax>213</ymax>
    </bndbox>
  </object>
</annotation>
