<annotation>
  <folder>input</folder>
  <filename>2020-03-18-17-30-00.scene_0001frame-117.jpg</filename>
  <path>/home/luan/workspace/pytorch-ssd/dataset/JPEGImages/2020-03-18-17-30-00.scene_0001frame-117.jpg</path>
  <source>
    <database>Unknown</database>
  </source>
  <size>
    <width>196</width>
    <height>318</height>
    <depth>3</depth>
  </size>
  <segmented>0</segmented>
  <object>
    <name>plate</name>
    <pose>Unspecified</pose>
    <truncated>0</truncated>
    <difficult>0</difficult>
    <bndbox>
      <xmin>53</xmin>
      <ymin>287</ymin>
      <xmax>98</xmax>
      <ymax>303</ymax>
    </bndbox>
  </object>
</annotation>
