<annotation>
  <folder>input</folder>
  <filename>2020-03-18-12-00-00.scene_0032frame-202.jpg</filename>
  <path>/home/luan/workspace/pytorch-ssd/dataset/JPEGImages/2020-03-18-12-00-00.scene_0032frame-202.jpg</path>
  <source>
    <database>Unknown</database>
  </source>
  <size>
    <width>145</width>
    <height>195</height>
    <depth>3</depth>
  </size>
  <segmented>0</segmented>
  <object>
    <name>plate</name>
    <pose>Unspecified</pose>
    <truncated>0</truncated>
    <difficult>0</difficult>
    <bndbox>
      <xmin>63</xmin>
      <ymin>134</ymin>
      <xmax>92</xmax>
      <ymax>148</ymax>
    </bndbox>
  </object>
</annotation>
