<annotation>
  <folder>input</folder>
  <filename>2020-03-18-12-00-00.scene_0006frame-171.jpg</filename>
  <path>/home/luan/workspace/pytorch-ssd/dataset/JPEGImages/2020-03-18-12-00-00.scene_0006frame-171.jpg</path>
  <source>
    <database>Unknown</database>
  </source>
  <size>
    <width>135</width>
    <height>172</height>
    <depth>3</depth>
  </size>
  <segmented>0</segmented>
  <object>
    <name>plate</name>
    <pose>Unspecified</pose>
    <truncated>0</truncated>
    <difficult>0</difficult>
    <bndbox>
      <xmin>37</xmin>
      <ymin>139</ymin>
      <xmax>65</xmax>
      <ymax>150</ymax>
    </bndbox>
  </object>
</annotation>
