<annotation>
  <folder>input</folder>
  <filename>2020-03-18-17-30-00.scene_0025frame-299.jpg</filename>
  <path>/home/luan/workspace/pytorch-ssd/dataset/JPEGImages/2020-03-18-17-30-00.scene_0025frame-299.jpg</path>
  <source>
    <database>Unknown</database>
  </source>
  <size>
    <width>137</width>
    <height>144</height>
    <depth>3</depth>
  </size>
  <segmented>0</segmented>
  <object>
    <name>plate</name>
    <pose>Unspecified</pose>
    <truncated>0</truncated>
    <difficult>0</difficult>
    <bndbox>
      <xmin>34</xmin>
      <ymin>111</ymin>
      <xmax>65</xmax>
      <ymax>128</ymax>
    </bndbox>
  </object>
</annotation>
