<annotation>
  <folder>input</folder>
  <filename>2020-03-18-12-00-00.scene_0025frame-37.jpg</filename>
  <path>/home/luan/workspace/pytorch-ssd/dataset/JPEGImages/2020-03-18-12-00-00.scene_0025frame-37.jpg</path>
  <source>
    <database>Unknown</database>
  </source>
  <size>
    <width>172</width>
    <height>218</height>
    <depth>3</depth>
  </size>
  <segmented>0</segmented>
  <object>
    <name>plate</name>
    <pose>Unspecified</pose>
    <truncated>0</truncated>
    <difficult>0</difficult>
    <bndbox>
      <xmin>97</xmin>
      <ymin>184</ymin>
      <xmax>130</xmax>
      <ymax>200</ymax>
    </bndbox>
  </object>
</annotation>
