<annotation>
  <folder>input</folder>
  <filename>2020-03-18-17-30-00.scene_0022frame-341.jpg</filename>
  <path>/home/luan/workspace/pytorch-ssd/dataset/JPEGImages/2020-03-18-17-30-00.scene_0022frame-341.jpg</path>
  <source>
    <database>Unknown</database>
  </source>
  <size>
    <width>257</width>
    <height>342</height>
    <depth>3</depth>
  </size>
  <segmented>0</segmented>
  <object>
    <name>plate</name>
    <pose>Unspecified</pose>
    <truncated>0</truncated>
    <difficult>0</difficult>
    <bndbox>
      <xmin>71</xmin>
      <ymin>297</ymin>
      <xmax>115</xmax>
      <ymax>326</ymax>
    </bndbox>
  </object>
</annotation>
