<annotation>
  <folder>input</folder>
  <filename>2020-03-19-17-30-00.scene_0010frame-408.jpg</filename>
  <path>/home/luan/workspace/pytorch-ssd/dataset/JPEGImages/2020-03-19-17-30-00.scene_0010frame-408.jpg</path>
  <source>
    <database>Unknown</database>
  </source>
  <size>
    <width>133</width>
    <height>163</height>
    <depth>3</depth>
  </size>
  <segmented>0</segmented>
  <object>
    <name>plate</name>
    <pose>Unspecified</pose>
    <truncated>0</truncated>
    <difficult>0</difficult>
    <bndbox>
      <xmin>56</xmin>
      <ymin>122</ymin>
      <xmax>83</xmax>
      <ymax>135</ymax>
    </bndbox>
  </object>
</annotation>
