<annotation>
  <folder>input</folder>
  <filename>2020-03-18-17-30-00.scene_0001frame-127.jpg</filename>
  <path>/home/luan/workspace/pytorch-ssd/dataset/JPEGImages/2020-03-18-17-30-00.scene_0001frame-127.jpg</path>
  <source>
    <database>Unknown</database>
  </source>
  <size>
    <width>209</width>
    <height>316</height>
    <depth>3</depth>
  </size>
  <segmented>0</segmented>
  <object>
    <name>plate</name>
    <pose>Unspecified</pose>
    <truncated>0</truncated>
    <difficult>0</difficult>
    <bndbox>
      <xmin>76</xmin>
      <ymin>310</ymin>
      <xmax>121</xmax>
      <ymax>314</ymax>
    </bndbox>
  </object>
</annotation>
