<annotation>
  <folder>input</folder>
  <filename>2020-03-18-12-00-00.scene_0031frame-87.jpg</filename>
  <path>/home/luan/workspace/pytorch-ssd/dataset/JPEGImages/2020-03-18-12-00-00.scene_0031frame-87.jpg</path>
  <source>
    <database>Unknown</database>
  </source>
  <size>
    <width>147</width>
    <height>228</height>
    <depth>3</depth>
  </size>
  <segmented>0</segmented>
  <object>
    <name>plate</name>
    <pose>Unspecified</pose>
    <truncated>0</truncated>
    <difficult>0</difficult>
    <bndbox>
      <xmin>84</xmin>
      <ymin>194</ymin>
      <xmax>116</xmax>
      <ymax>207</ymax>
    </bndbox>
  </object>
</annotation>
