<annotation>
  <folder>input</folder>
  <filename>2020-03-19-17-30-00.scene_0005frame-334.jpg</filename>
  <path>/home/luan/workspace/pytorch-ssd/dataset/JPEGImages/2020-03-19-17-30-00.scene_0005frame-334.jpg</path>
  <source>
    <database>Unknown</database>
  </source>
  <size>
    <width>126</width>
    <height>136</height>
    <depth>3</depth>
  </size>
  <segmented>0</segmented>
  <object>
    <name>plate</name>
    <pose>Unspecified</pose>
    <truncated>0</truncated>
    <difficult>0</difficult>
    <bndbox>
      <xmin>63</xmin>
      <ymin>113</ymin>
      <xmax>90</xmax>
      <ymax>124</ymax>
    </bndbox>
  </object>
</annotation>
