<annotation>
  <folder>input</folder>
  <filename>2020-03-18-17-30-00.scene_0001frame-124.jpg</filename>
  <path>/home/luan/workspace/pytorch-ssd/dataset/JPEGImages/2020-03-18-17-30-00.scene_0001frame-124.jpg</path>
  <source>
    <database>Unknown</database>
  </source>
  <size>
    <width>204</width>
    <height>324</height>
    <depth>3</depth>
  </size>
  <segmented>0</segmented>
  <object>
    <name>plate</name>
    <pose>Unspecified</pose>
    <truncated>0</truncated>
    <difficult>0</difficult>
    <bndbox>
      <xmin>71</xmin>
      <ymin>306</ymin>
      <xmax>116</xmax>
      <ymax>321</ymax>
    </bndbox>
  </object>
</annotation>
