<annotation>
  <folder>input</folder>
  <filename>2020-03-18-12-00-00.scene_0032frame-183.jpg</filename>
  <path>/home/luan/workspace/pytorch-ssd/dataset/JPEGImages/2020-03-18-12-00-00.scene_0032frame-183.jpg</path>
  <source>
    <database>Unknown</database>
  </source>
  <size>
    <width>167</width>
    <height>230</height>
    <depth>3</depth>
  </size>
  <segmented>0</segmented>
  <object>
    <name>plate</name>
    <pose>Unspecified</pose>
    <truncated>0</truncated>
    <difficult>0</difficult>
    <bndbox>
      <xmin>59</xmin>
      <ymin>161</ymin>
      <xmax>92</xmax>
      <ymax>177</ymax>
    </bndbox>
  </object>
</annotation>
