<annotation>
  <folder>input</folder>
  <filename>2020-03-19-12-00-00.scene_0003frame-40.jpg</filename>
  <path>/home/luan/workspace/pytorch-ssd/dataset/JPEGImages/2020-03-19-12-00-00.scene_0003frame-40.jpg</path>
  <source>
    <database>Unknown</database>
  </source>
  <size>
    <width>158</width>
    <height>211</height>
    <depth>3</depth>
  </size>
  <segmented>0</segmented>
  <object>
    <name>plate</name>
    <pose>Unspecified</pose>
    <truncated>0</truncated>
    <difficult>0</difficult>
    <bndbox>
      <xmin>72</xmin>
      <ymin>179</ymin>
      <xmax>106</xmax>
      <ymax>192</ymax>
    </bndbox>
  </object>
</annotation>
