<annotation>
  <folder>input</folder>
  <filename>2020-03-19-12-00-00.scene_0000frame-11.jpg</filename>
  <path>/home/luan/workspace/pytorch-ssd/dataset/JPEGImages/2020-03-19-12-00-00.scene_0000frame-11.jpg</path>
  <source>
    <database>Unknown</database>
  </source>
  <size>
    <width>146</width>
    <height>147</height>
    <depth>3</depth>
  </size>
  <segmented>0</segmented>
  <object>
    <name>plate</name>
    <pose>Unspecified</pose>
    <truncated>0</truncated>
    <difficult>0</difficult>
    <bndbox>
      <xmin>97</xmin>
      <ymin>115</ymin>
      <xmax>120</xmax>
      <ymax>124</ymax>
    </bndbox>
  </object>
</annotation>
