<annotation>
  <folder>input</folder>
  <filename>2020-03-17-17-30-00.scene_0022frame-40.jpg</filename>
  <path>/home/luan/workspace/pytorch-ssd/dataset/JPEGImages/2020-03-17-17-30-00.scene_0022frame-40.jpg</path>
  <source>
    <database>Unknown</database>
  </source>
  <size>
    <width>188</width>
    <height>233</height>
    <depth>3</depth>
  </size>
  <segmented>0</segmented>
  <object>
    <name>plate</name>
    <pose>Unspecified</pose>
    <truncated>0</truncated>
    <difficult>0</difficult>
    <bndbox>
      <xmin>57</xmin>
      <ymin>199</ymin>
      <xmax>90</xmax>
      <ymax>216</ymax>
    </bndbox>
  </object>
</annotation>
