<annotation>
  <folder>input</folder>
  <filename>2020-03-18-12-00-00.scene_0029frame-598.jpg</filename>
  <path>/home/luan/workspace/pytorch-ssd/dataset/JPEGImages/2020-03-18-12-00-00.scene_0029frame-598.jpg</path>
  <source>
    <database>Unknown</database>
  </source>
  <size>
    <width>156</width>
    <height>181</height>
    <depth>3</depth>
  </size>
  <segmented>0</segmented>
  <object>
    <name>plate</name>
    <pose>Unspecified</pose>
    <truncated>0</truncated>
    <difficult>0</difficult>
    <bndbox>
      <xmin>88</xmin>
      <ymin>152</ymin>
      <xmax>119</xmax>
      <ymax>164</ymax>
    </bndbox>
  </object>
</annotation>
