<annotation>
  <folder>input</folder>
  <filename>2020-03-18-17-30-00.scene_0012frame-1211.jpg</filename>
  <path>/home/luan/workspace/pytorch-ssd/dataset/JPEGImages/2020-03-18-17-30-00.scene_0012frame-1211.jpg</path>
  <source>
    <database>Unknown</database>
  </source>
  <size>
    <width>287</width>
    <height>294</height>
    <depth>3</depth>
  </size>
  <segmented>0</segmented>
  <object>
    <name>plate</name>
    <pose>Unspecified</pose>
    <truncated>0</truncated>
    <difficult>0</difficult>
    <bndbox>
      <xmin>195</xmin>
      <ymin>272</ymin>
      <xmax>240</xmax>
      <ymax>292</ymax>
    </bndbox>
  </object>
</annotation>
