<annotation>
  <folder>input</folder>
  <filename>2020-03-18-17-30-00.scene_0000frame-235.jpg</filename>
  <path>/home/luan/workspace/pytorch-ssd/dataset/JPEGImages/2020-03-18-17-30-00.scene_0000frame-235.jpg</path>
  <source>
    <database>Unknown</database>
  </source>
  <size>
    <width>185</width>
    <height>287</height>
    <depth>3</depth>
  </size>
  <segmented>0</segmented>
  <object>
    <name>plate</name>
    <pose>Unspecified</pose>
    <truncated>0</truncated>
    <difficult>0</difficult>
    <bndbox>
      <xmin>65</xmin>
      <ymin>259</ymin>
      <xmax>108</xmax>
      <ymax>274</ymax>
    </bndbox>
  </object>
</annotation>
