<annotation>
  <folder>input</folder>
  <filename>2020-03-18-12-00-00.scene_0029frame-625.jpg</filename>
  <path>/home/luan/workspace/pytorch-ssd/dataset/JPEGImages/2020-03-18-12-00-00.scene_0029frame-625.jpg</path>
  <source>
    <database>Unknown</database>
  </source>
  <size>
    <width>129</width>
    <height>142</height>
    <depth>3</depth>
  </size>
  <segmented>0</segmented>
  <object>
    <name>plate</name>
    <pose>Unspecified</pose>
    <truncated>0</truncated>
    <difficult>0</difficult>
    <bndbox>
      <xmin>69</xmin>
      <ymin>114</ymin>
      <xmax>94</xmax>
      <ymax>125</ymax>
    </bndbox>
  </object>
</annotation>
