<annotation>
  <folder>input</folder>
  <filename>2020-03-19-17-30-00.scene_0005frame-253.jpg</filename>
  <path>/home/luan/workspace/pytorch-ssd/dataset/JPEGImages/2020-03-19-17-30-00.scene_0005frame-253.jpg</path>
  <source>
    <database>Unknown</database>
  </source>
  <size>
    <width>155</width>
    <height>171</height>
    <depth>3</depth>
  </size>
  <segmented>0</segmented>
  <object>
    <name>plate</name>
    <pose>Unspecified</pose>
    <truncated>0</truncated>
    <difficult>0</difficult>
    <bndbox>
      <xmin>51</xmin>
      <ymin>141</ymin>
      <xmax>85</xmax>
      <ymax>158</ymax>
    </bndbox>
  </object>
</annotation>
