<annotation>
  <folder>input</folder>
  <filename>2020-03-18-12-00-00.scene_0025frame-58.jpg</filename>
  <path>/home/luan/workspace/pytorch-ssd/dataset/JPEGImages/2020-03-18-12-00-00.scene_0025frame-58.jpg</path>
  <source>
    <database>Unknown</database>
  </source>
  <size>
    <width>201</width>
    <height>229</height>
    <depth>3</depth>
  </size>
  <segmented>0</segmented>
  <object>
    <name>plate</name>
    <pose>Unspecified</pose>
    <truncated>0</truncated>
    <difficult>0</difficult>
    <bndbox>
      <xmin>129</xmin>
      <ymin>196</ymin>
      <xmax>163</xmax>
      <ymax>209</ymax>
    </bndbox>
  </object>
</annotation>
