<annotation>
  <folder>input</folder>
  <filename>2020-03-19-12-00-00.scene_0003frame-42.jpg</filename>
  <path>/home/luan/workspace/pytorch-ssd/dataset/JPEGImages/2020-03-19-12-00-00.scene_0003frame-42.jpg</path>
  <source>
    <database>Unknown</database>
  </source>
  <size>
    <width>161</width>
    <height>221</height>
    <depth>3</depth>
  </size>
  <segmented>0</segmented>
  <object>
    <name>plate</name>
    <pose>Unspecified</pose>
    <truncated>0</truncated>
    <difficult>0</difficult>
    <bndbox>
      <xmin>76</xmin>
      <ymin>183</ymin>
      <xmax>110</xmax>
      <ymax>196</ymax>
    </bndbox>
  </object>
</annotation>
