<annotation>
  <folder>input</folder>
  <filename>2020-03-18-17-30-00.scene_0025frame-868.jpg</filename>
  <path>/home/luan/workspace/pytorch-ssd/dataset/JPEGImages/2020-03-18-17-30-00.scene_0025frame-868.jpg</path>
  <source>
    <database>Unknown</database>
  </source>
  <size>
    <width>147</width>
    <height>192</height>
    <depth>3</depth>
  </size>
  <segmented>0</segmented>
  <object>
    <name>plate</name>
    <pose>Unspecified</pose>
    <truncated>0</truncated>
    <difficult>0</difficult>
    <bndbox>
      <xmin>63</xmin>
      <ymin>158</ymin>
      <xmax>96</xmax>
      <ymax>175</ymax>
    </bndbox>
  </object>
</annotation>
