<annotation>
  <folder>input</folder>
  <filename>2020-03-18-12-00-00.scene_0003frame-161.jpg</filename>
  <path>/home/luan/workspace/pytorch-ssd/dataset/JPEGImages/2020-03-18-12-00-00.scene_0003frame-161.jpg</path>
  <source>
    <database>Unknown</database>
  </source>
  <size>
    <width>95</width>
    <height>100</height>
    <depth>3</depth>
  </size>
  <segmented>0</segmented>
  <object>
    <name>plate</name>
    <pose>Unspecified</pose>
    <truncated>0</truncated>
    <difficult>0</difficult>
    <bndbox>
      <xmin>41</xmin>
      <ymin>76</ymin>
      <xmax>58</xmax>
      <ymax>85</ymax>
    </bndbox>
  </object>
</annotation>
