<annotation>
  <folder>input</folder>
  <filename>2020-03-19-12-00-00.scene_0005frame-650.jpg</filename>
  <path>/home/luan/workspace/pytorch-ssd/dataset/JPEGImages/2020-03-19-12-00-00.scene_0005frame-650.jpg</path>
  <source>
    <database>Unknown</database>
  </source>
  <size>
    <width>78</width>
    <height>78</height>
    <depth>3</depth>
  </size>
  <segmented>0</segmented>
  <object>
    <name>plate</name>
    <pose>Unspecified</pose>
    <truncated>0</truncated>
    <difficult>0</difficult>
    <bndbox>
      <xmin>29</xmin>
      <ymin>65</ymin>
      <xmax>47</xmax>
      <ymax>72</ymax>
    </bndbox>
  </object>
</annotation>
