<annotation>
  <folder>input</folder>
  <filename>2020-03-18-17-30-00.scene_0012frame-2590.jpg</filename>
  <path>/home/luan/workspace/pytorch-ssd/dataset/JPEGImages/2020-03-18-17-30-00.scene_0012frame-2590.jpg</path>
  <source>
    <database>Unknown</database>
  </source>
  <size>
    <width>206</width>
    <height>247</height>
    <depth>3</depth>
  </size>
  <segmented>0</segmented>
  <object>
    <name>plate</name>
    <pose>Unspecified</pose>
    <truncated>0</truncated>
    <difficult>0</difficult>
    <bndbox>
      <xmin>46</xmin>
      <ymin>206</ymin>
      <xmax>88</xmax>
      <ymax>229</ymax>
    </bndbox>
  </object>
</annotation>
