<annotation>
  <folder>input</folder>
  <filename>2020-03-18-17-30-00.scene_0012frame-330.jpg</filename>
  <path>/home/luan/workspace/pytorch-ssd/dataset/JPEGImages/2020-03-18-17-30-00.scene_0012frame-330.jpg</path>
  <source>
    <database>Unknown</database>
  </source>
  <size>
    <width>172</width>
    <height>186</height>
    <depth>3</depth>
  </size>
  <segmented>0</segmented>
  <object>
    <name>plate</name>
    <pose>Unspecified</pose>
    <truncated>0</truncated>
    <difficult>0</difficult>
    <bndbox>
      <xmin>114</xmin>
      <ymin>152</ymin>
      <xmax>143</xmax>
      <ymax>165</ymax>
    </bndbox>
  </object>
</annotation>
