<annotation>
  <folder>input</folder>
  <filename>2020-03-18-17-30-00.scene_0012frame-1180.jpg</filename>
  <path>/home/luan/workspace/pytorch-ssd/dataset/JPEGImages/2020-03-18-17-30-00.scene_0012frame-1180.jpg</path>
  <source>
    <database>Unknown</database>
  </source>
  <size>
    <width>280</width>
    <height>301</height>
    <depth>3</depth>
  </size>
  <segmented>0</segmented>
  <object>
    <name>plate</name>
    <pose>Unspecified</pose>
    <truncated>0</truncated>
    <difficult>0</difficult>
    <bndbox>
      <xmin>187</xmin>
      <ymin>276</ymin>
      <xmax>230</xmax>
      <ymax>300</ymax>
    </bndbox>
  </object>
</annotation>
