<annotation>
  <folder>input</folder>
  <filename>2020-03-18-12-00-00.scene_0032frame-175.jpg</filename>
  <path>/home/luan/workspace/pytorch-ssd/dataset/JPEGImages/2020-03-18-12-00-00.scene_0032frame-175.jpg</path>
  <source>
    <database>Unknown</database>
  </source>
  <size>
    <width>207</width>
    <height>241</height>
    <depth>3</depth>
  </size>
  <segmented>0</segmented>
  <object>
    <name>plate</name>
    <pose>Unspecified</pose>
    <truncated>0</truncated>
    <difficult>0</difficult>
    <bndbox>
      <xmin>53</xmin>
      <ymin>180</ymin>
      <xmax>90</xmax>
      <ymax>199</ymax>
    </bndbox>
  </object>
</annotation>
