<annotation>
  <folder>input</folder>
  <filename>2020-03-17-17-30-00.scene_0007frame-12.jpg</filename>
  <path>/home/luan/workspace/pytorch-ssd/dataset/JPEGImages/2020-03-17-17-30-00.scene_0007frame-12.jpg</path>
  <source>
    <database>Unknown</database>
  </source>
  <size>
    <width>99</width>
    <height>117</height>
    <depth>3</depth>
  </size>
  <segmented>0</segmented>
  <object>
    <name>plate</name>
    <pose>Unspecified</pose>
    <truncated>0</truncated>
    <difficult>0</difficult>
    <bndbox>
      <xmin>41</xmin>
      <ymin>100</ymin>
      <xmax>64</xmax>
      <ymax>109</ymax>
    </bndbox>
  </object>
</annotation>
