<annotation>
  <folder>Unspecified</folder>
  <filename>afternoon_6_scene_0020002.txt</filename>
  <path>/home/luan/workspace/pytorch-ssd/dataset/JPEGImages/afternoon_6_scene_0020002.txt</path>
  <source>
    <database>Unknown</database>
  </source>
  <size>
    <width>1280</width>
    <height>960</height>
    <depth>3</depth>
  </size>
  <segmented>0</segmented>
  <object>
    <name>car</name>
    <pose>Unspecified</pose>
    <truncated>0</truncated>
    <difficult>0</difficult>
    <bndbox>
      <xmin>0</xmin>
      <ymin>453</ymin>
      <xmax>261</xmax>
      <ymax>643</ymax>
    </bndbox>
  </object>
  <object>
    <name>car</name>
    <pose>Unspecified</pose>
    <truncated>0</truncated>
    <difficult>0</difficult>
    <bndbox>
      <xmin>121</xmin>
      <ymin>267</ymin>
      <xmax>433</xmax>
      <ymax>387</ymax>
    </bndbox>
  </object>
  <object>
    <name>car</name>
    <pose>Unspecified</pose>
    <truncated>0</truncated>
    <difficult>0</difficult>
    <bndbox>
      <xmin>137</xmin>
      <ymin>220</ymin>
      <xmax>394</xmax>
      <ymax>334</ymax>
    </bndbox>
  </object>
  <object>
    <name>car</name>
    <pose>Unspecified</pose>
    <truncated>0</truncated>
    <difficult>0</difficult>
    <bndbox>
      <xmin>255</xmin>
      <ymin>132</ymin>
      <xmax>440</xmax>
      <ymax>231</ymax>
    </bndbox>
  </object>
  <object>
    <name>pedestrian</name>
    <pose>Unspecified</pose>
    <truncated>0</truncated>
    <difficult>0</difficult>
    <bndbox>
      <xmin>986</xmin>
      <ymin>215</ymin>
      <xmax>1043</xmax>
      <ymax>308</ymax>
    </bndbox>
  </object>
  <object>
    <name>motorcycle</name>
    <pose>Unspecified</pose>
    <truncated>0</truncated>
    <difficult>0</difficult>
    <bndbox>
      <xmin>992</xmin>
      <ymin>218</ymin>
      <xmax>1098</xmax>
      <ymax>271</ymax>
    </bndbox>
  </object>
  <object>
    <name>motorcycle</name>
    <pose>Unspecified</pose>
    <truncated>0</truncated>
    <difficult>0</difficult>
    <bndbox>
      <xmin>1204</xmin>
      <ymin>275</ymin>
      <xmax>1280</xmax>
      <ymax>342</ymax>
    </bndbox>
  </object>
  <object>
    <name>motorcycle</name>
    <pose>Unspecified</pose>
    <truncated>0</truncated>
    <difficult>0</difficult>
    <bndbox>
      <xmin>1192</xmin>
      <ymin>254</ymin>
      <xmax>1280</xmax>
      <ymax>317</ymax>
    </bndbox>
  </object>
  <object>
    <name>motorcycle</name>
    <pose>Unspecified</pose>
    <truncated>0</truncated>
    <difficult>0</difficult>
    <bndbox>
      <xmin>1160</xmin>
      <ymin>232</ymin>
      <xmax>1245</xmax>
      <ymax>291</ymax>
    </bndbox>
  </object>
  <object>
    <name>motorcycle</name>
    <pose>Unspecified</pose>
    <truncated>0</truncated>
    <difficult>0</difficult>
    <bndbox>
      <xmin>1114</xmin>
      <ymin>196</ymin>
      <xmax>1187</xmax>
      <ymax>250</ymax>
    </bndbox>
  </object>
  <object>
    <name>car</name>
    <pose>Unspecified</pose>
    <truncated>0</truncated>
    <difficult>0</difficult>
    <bndbox>
      <xmin>2</xmin>
      <ymin>706</ymin>
      <xmax>212</xmax>
      <ymax>934</ymax>
    </bndbox>
  </object>
  <object>
    <name>car</name>
    <pose>Unspecified</pose>
    <truncated>0</truncated>
    <difficult>0</difficult>
    <bndbox>
      <xmin>2</xmin>
      <ymin>568</ymin>
      <xmax>213</xmax>
      <ymax>730</ymax>
    </bndbox>
  </object>
  <object>
    <name>car</name>
    <pose>Unspecified</pose>
    <truncated>0</truncated>
    <difficult>0</difficult>
    <bndbox>
      <xmin>975</xmin>
      <ymin>498</ymin>
      <xmax>1272</xmax>
      <ymax>659</ymax>
    </bndbox>
  </object>
  <object>
    <name>car</name>
    <pose>Unspecified</pose>
    <truncated>0</truncated>
    <difficult>0</difficult>
    <bndbox>
      <xmin>961</xmin>
      <ymin>422</ymin>
      <xmax>1255</xmax>
      <ymax>551</ymax>
    </bndbox>
  </object>
  <object>
    <name>car</name>
    <pose>Unspecified</pose>
    <truncated>0</truncated>
    <difficult>0</difficult>
    <bndbox>
      <xmin>871</xmin>
      <ymin>356</ymin>
      <xmax>1129</xmax>
      <ymax>479</ymax>
    </bndbox>
  </object>
  <object>
    <name>car</name>
    <pose>Unspecified</pose>
    <truncated>0</truncated>
    <difficult>0</difficult>
    <bndbox>
      <xmin>834</xmin>
      <ymin>305</ymin>
      <xmax>1086</xmax>
      <ymax>388</ymax>
    </bndbox>
  </object>
  <object>
    <name>car</name>
    <pose>Unspecified</pose>
    <truncated>0</truncated>
    <difficult>0</difficult>
    <bndbox>
      <xmin>784</xmin>
      <ymin>190</ymin>
      <xmax>976</xmax>
      <ymax>278</ymax>
    </bndbox>
  </object>
  <object>
    <name>car</name>
    <pose>Unspecified</pose>
    <truncated>0</truncated>
    <difficult>0</difficult>
    <bndbox>
      <xmin>768</xmin>
      <ymin>143</ymin>
      <xmax>930</xmax>
      <ymax>203</ymax>
    </bndbox>
  </object>
</annotation>
