<annotation>
  <folder>Unspecified</folder>
  <filename>afternoon_3_scene_0013002.txt</filename>
  <path>/home/luan/workspace/pytorch-ssd/dataset/JPEGImages/afternoon_3_scene_0013002.txt</path>
  <source>
    <database>Unknown</database>
  </source>
  <size>
    <width>1280</width>
    <height>960</height>
    <depth>3</depth>
  </size>
  <segmented>0</segmented>
  <object>
    <name>pedestrian</name>
    <pose>Unspecified</pose>
    <truncated>0</truncated>
    <difficult>0</difficult>
    <bndbox>
      <xmin>801</xmin>
      <ymin>291</ymin>
      <xmax>833</xmax>
      <ymax>376</ymax>
    </bndbox>
  </object>
  <object>
    <name>car</name>
    <pose>Unspecified</pose>
    <truncated>0</truncated>
    <difficult>0</difficult>
    <bndbox>
      <xmin>0</xmin>
      <ymin>605</ymin>
      <xmax>242</xmax>
      <ymax>800</ymax>
    </bndbox>
  </object>
  <object>
    <name>car</name>
    <pose>Unspecified</pose>
    <truncated>0</truncated>
    <difficult>0</difficult>
    <bndbox>
      <xmin>1</xmin>
      <ymin>519</ymin>
      <xmax>221</xmax>
      <ymax>663</ymax>
    </bndbox>
  </object>
  <object>
    <name>car</name>
    <pose>Unspecified</pose>
    <truncated>0</truncated>
    <difficult>0</difficult>
    <bndbox>
      <xmin>2</xmin>
      <ymin>446</ymin>
      <xmax>286</xmax>
      <ymax>573</ymax>
    </bndbox>
  </object>
  <object>
    <name>car</name>
    <pose>Unspecified</pose>
    <truncated>0</truncated>
    <difficult>0</difficult>
    <bndbox>
      <xmin>1001</xmin>
      <ymin>638</ymin>
      <xmax>1280</xmax>
      <ymax>816</ymax>
    </bndbox>
  </object>
  <object>
    <name>car</name>
    <pose>Unspecified</pose>
    <truncated>0</truncated>
    <difficult>0</difficult>
    <bndbox>
      <xmin>950</xmin>
      <ymin>466</ymin>
      <xmax>1218</xmax>
      <ymax>608</ymax>
    </bndbox>
  </object>
  <object>
    <name>car</name>
    <pose>Unspecified</pose>
    <truncated>0</truncated>
    <difficult>0</difficult>
    <bndbox>
      <xmin>832</xmin>
      <ymin>354</ymin>
      <xmax>1110</xmax>
      <ymax>471</ymax>
    </bndbox>
  </object>
  <object>
    <name>car</name>
    <pose>Unspecified</pose>
    <truncated>0</truncated>
    <difficult>0</difficult>
    <bndbox>
      <xmin>830</xmin>
      <ymin>306</ymin>
      <xmax>1050</xmax>
      <ymax>404</ymax>
    </bndbox>
  </object>
  <object>
    <name>motorcycle</name>
    <pose>Unspecified</pose>
    <truncated>0</truncated>
    <difficult>0</difficult>
    <bndbox>
      <xmin>1013</xmin>
      <ymin>300</ymin>
      <xmax>1101</xmax>
      <ymax>363</ymax>
    </bndbox>
  </object>
  <object>
    <name>motorcycle</name>
    <pose>Unspecified</pose>
    <truncated>0</truncated>
    <difficult>0</difficult>
    <bndbox>
      <xmin>969</xmin>
      <ymin>254</ymin>
      <xmax>1059</xmax>
      <ymax>312</ymax>
    </bndbox>
  </object>
  <object>
    <name>motorcycle</name>
    <pose>Unspecified</pose>
    <truncated>0</truncated>
    <difficult>0</difficult>
    <bndbox>
      <xmin>949</xmin>
      <ymin>227</ymin>
      <xmax>1028</xmax>
      <ymax>291</ymax>
    </bndbox>
  </object>
  <object>
    <name>motorcycle</name>
    <pose>Unspecified</pose>
    <truncated>0</truncated>
    <difficult>0</difficult>
    <bndbox>
      <xmin>1058</xmin>
      <ymin>215</ymin>
      <xmax>1147</xmax>
      <ymax>272</ymax>
    </bndbox>
  </object>
  <object>
    <name>motorcycle</name>
    <pose>Unspecified</pose>
    <truncated>0</truncated>
    <difficult>0</difficult>
    <bndbox>
      <xmin>1085</xmin>
      <ymin>242</ymin>
      <xmax>1168</xmax>
      <ymax>294</ymax>
    </bndbox>
  </object>
  <object>
    <name>motorcycle</name>
    <pose>Unspecified</pose>
    <truncated>0</truncated>
    <difficult>0</difficult>
    <bndbox>
      <xmin>1118</xmin>
      <ymin>260</ymin>
      <xmax>1203</xmax>
      <ymax>318</ymax>
    </bndbox>
  </object>
  <object>
    <name>motorcycle</name>
    <pose>Unspecified</pose>
    <truncated>0</truncated>
    <difficult>0</difficult>
    <bndbox>
      <xmin>1146</xmin>
      <ymin>287</ymin>
      <xmax>1248</xmax>
      <ymax>362</ymax>
    </bndbox>
  </object>
  <object>
    <name>motorcycle</name>
    <pose>Unspecified</pose>
    <truncated>0</truncated>
    <difficult>0</difficult>
    <bndbox>
      <xmin>1218</xmin>
      <ymin>323</ymin>
      <xmax>1275</xmax>
      <ymax>386</ymax>
    </bndbox>
  </object>
  <object>
    <name>car</name>
    <pose>Unspecified</pose>
    <truncated>0</truncated>
    <difficult>0</difficult>
    <bndbox>
      <xmin>944</xmin>
      <ymin>547</ymin>
      <xmax>1278</xmax>
      <ymax>695</ymax>
    </bndbox>
  </object>
  <object>
    <name>car</name>
    <pose>Unspecified</pose>
    <truncated>0</truncated>
    <difficult>0</difficult>
    <bndbox>
      <xmin>1049</xmin>
      <ymin>793</ymin>
      <xmax>1278</xmax>
      <ymax>956</ymax>
    </bndbox>
  </object>
  <object>
    <name>car</name>
    <pose>Unspecified</pose>
    <truncated>0</truncated>
    <difficult>0</difficult>
    <bndbox>
      <xmin>746</xmin>
      <ymin>215</ymin>
      <xmax>931</xmax>
      <ymax>285</ymax>
    </bndbox>
  </object>
  <object>
    <name>car</name>
    <pose>Unspecified</pose>
    <truncated>0</truncated>
    <difficult>0</difficult>
    <bndbox>
      <xmin>760</xmin>
      <ymin>250</ymin>
      <xmax>956</xmax>
      <ymax>327</ymax>
    </bndbox>
  </object>
  <object>
    <name>car</name>
    <pose>Unspecified</pose>
    <truncated>0</truncated>
    <difficult>0</difficult>
    <bndbox>
      <xmin>898</xmin>
      <ymin>416</ymin>
      <xmax>1144</xmax>
      <ymax>527</ymax>
    </bndbox>
  </object>
</annotation>
