<annotation>
  <folder>Unspecified</folder>
  <filename>afternoon_4_scene_0004005.txt</filename>
  <path>/home/luan/workspace/pytorch-ssd/dataset/JPEGImages/afternoon_4_scene_0004005.txt</path>
  <source>
    <database>Unknown</database>
  </source>
  <size>
    <width>1280</width>
    <height>960</height>
    <depth>3</depth>
  </size>
  <segmented>0</segmented>
  <object>
    <name>pedestrian</name>
    <pose>Unspecified</pose>
    <truncated>0</truncated>
    <difficult>0</difficult>
    <bndbox>
      <xmin>300</xmin>
      <ymin>436</ymin>
      <xmax>360</xmax>
      <ymax>569</ymax>
    </bndbox>
  </object>
  <object>
    <name>pedestrian</name>
    <pose>Unspecified</pose>
    <truncated>0</truncated>
    <difficult>0</difficult>
    <bndbox>
      <xmin>934</xmin>
      <ymin>206</ymin>
      <xmax>966</xmax>
      <ymax>270</ymax>
    </bndbox>
  </object>
  <object>
    <name>pedestrian</name>
    <pose>Unspecified</pose>
    <truncated>0</truncated>
    <difficult>0</difficult>
    <bndbox>
      <xmin>921</xmin>
      <ymin>192</ymin>
      <xmax>948</xmax>
      <ymax>247</ymax>
    </bndbox>
  </object>
  <object>
    <name>pedestrian</name>
    <pose>Unspecified</pose>
    <truncated>0</truncated>
    <difficult>0</difficult>
    <bndbox>
      <xmin>892</xmin>
      <ymin>190</ymin>
      <xmax>916</xmax>
      <ymax>213</ymax>
    </bndbox>
  </object>
  <object>
    <name>car</name>
    <pose>Unspecified</pose>
    <truncated>0</truncated>
    <difficult>0</difficult>
    <bndbox>
      <xmin>0</xmin>
      <ymin>424</ymin>
      <xmax>311</xmax>
      <ymax>586</ymax>
    </bndbox>
  </object>
  <object>
    <name>car</name>
    <pose>Unspecified</pose>
    <truncated>0</truncated>
    <difficult>0</difficult>
    <bndbox>
      <xmin>267</xmin>
      <ymin>173</ymin>
      <xmax>407</xmax>
      <ymax>230</ymax>
    </bndbox>
  </object>
  <object>
    <name>car</name>
    <pose>Unspecified</pose>
    <truncated>0</truncated>
    <difficult>0</difficult>
    <bndbox>
      <xmin>263</xmin>
      <ymin>165</ymin>
      <xmax>431</xmax>
      <ymax>212</ymax>
    </bndbox>
  </object>
  <object>
    <name>car</name>
    <pose>Unspecified</pose>
    <truncated>0</truncated>
    <difficult>0</difficult>
    <bndbox>
      <xmin>1054</xmin>
      <ymin>632</ymin>
      <xmax>1279</xmax>
      <ymax>834</ymax>
    </bndbox>
  </object>
  <object>
    <name>car</name>
    <pose>Unspecified</pose>
    <truncated>0</truncated>
    <difficult>0</difficult>
    <bndbox>
      <xmin>892</xmin>
      <ymin>444</ymin>
      <xmax>1280</xmax>
      <ymax>630</ymax>
    </bndbox>
  </object>
  <object>
    <name>car</name>
    <pose>Unspecified</pose>
    <truncated>0</truncated>
    <difficult>0</difficult>
    <bndbox>
      <xmin>921</xmin>
      <ymin>414</ymin>
      <xmax>1188</xmax>
      <ymax>524</ymax>
    </bndbox>
  </object>
  <object>
    <name>car</name>
    <pose>Unspecified</pose>
    <truncated>0</truncated>
    <difficult>0</difficult>
    <bndbox>
      <xmin>777</xmin>
      <ymin>280</ymin>
      <xmax>986</xmax>
      <ymax>378</ymax>
    </bndbox>
  </object>
  <object>
    <name>car</name>
    <pose>Unspecified</pose>
    <truncated>0</truncated>
    <difficult>0</difficult>
    <bndbox>
      <xmin>744</xmin>
      <ymin>221</ymin>
      <xmax>940</xmax>
      <ymax>291</ymax>
    </bndbox>
  </object>
  <object>
    <name>motorcycle</name>
    <pose>Unspecified</pose>
    <truncated>0</truncated>
    <difficult>0</difficult>
    <bndbox>
      <xmin>1030</xmin>
      <ymin>301</ymin>
      <xmax>1118</xmax>
      <ymax>360</ymax>
    </bndbox>
  </object>
  <object>
    <name>motorcycle</name>
    <pose>Unspecified</pose>
    <truncated>0</truncated>
    <difficult>0</difficult>
    <bndbox>
      <xmin>1146</xmin>
      <ymin>272</ymin>
      <xmax>1223</xmax>
      <ymax>347</ymax>
    </bndbox>
  </object>
  <object>
    <name>motorcycle</name>
    <pose>Unspecified</pose>
    <truncated>0</truncated>
    <difficult>0</difficult>
    <bndbox>
      <xmin>1130</xmin>
      <ymin>280</ymin>
      <xmax>1211</xmax>
      <ymax>328</ymax>
    </bndbox>
  </object>
  <object>
    <name>motorcycle</name>
    <pose>Unspecified</pose>
    <truncated>0</truncated>
    <difficult>0</difficult>
    <bndbox>
      <xmin>1118</xmin>
      <ymin>264</ymin>
      <xmax>1203</xmax>
      <ymax>315</ymax>
    </bndbox>
  </object>
  <object>
    <name>motorcycle</name>
    <pose>Unspecified</pose>
    <truncated>0</truncated>
    <difficult>0</difficult>
    <bndbox>
      <xmin>976</xmin>
      <ymin>261</ymin>
      <xmax>1057</xmax>
      <ymax>317</ymax>
    </bndbox>
  </object>
  <object>
    <name>motorcycle</name>
    <pose>Unspecified</pose>
    <truncated>0</truncated>
    <difficult>0</difficult>
    <bndbox>
      <xmin>1057</xmin>
      <ymin>214</ymin>
      <xmax>1144</xmax>
      <ymax>279</ymax>
    </bndbox>
  </object>
  <object>
    <name>motorcycle</name>
    <pose>Unspecified</pose>
    <truncated>0</truncated>
    <difficult>0</difficult>
    <bndbox>
      <xmin>939</xmin>
      <ymin>236</ymin>
      <xmax>1024</xmax>
      <ymax>287</ymax>
    </bndbox>
  </object>
  <object>
    <name>car</name>
    <pose>Unspecified</pose>
    <truncated>0</truncated>
    <difficult>0</difficult>
    <bndbox>
      <xmin>1136</xmin>
      <ymin>807</ymin>
      <xmax>1274</xmax>
      <ymax>954</ymax>
    </bndbox>
  </object>
  <object>
    <name>car</name>
    <pose>Unspecified</pose>
    <truncated>0</truncated>
    <difficult>0</difficult>
    <bndbox>
      <xmin>3</xmin>
      <ymin>762</ymin>
      <xmax>162</xmax>
      <ymax>957</ymax>
    </bndbox>
  </object>
  <object>
    <name>car</name>
    <pose>Unspecified</pose>
    <truncated>0</truncated>
    <difficult>0</difficult>
    <bndbox>
      <xmin>5</xmin>
      <ymin>606</ymin>
      <xmax>234</xmax>
      <ymax>809</ymax>
    </bndbox>
  </object>
  <object>
    <name>car</name>
    <pose>Unspecified</pose>
    <truncated>0</truncated>
    <difficult>0</difficult>
    <bndbox>
      <xmin>113</xmin>
      <ymin>328</ymin>
      <xmax>333</xmax>
      <ymax>434</ymax>
    </bndbox>
  </object>
  <object>
    <name>car</name>
    <pose>Unspecified</pose>
    <truncated>0</truncated>
    <difficult>0</difficult>
    <bndbox>
      <xmin>206</xmin>
      <ymin>222</ymin>
      <xmax>407</xmax>
      <ymax>306</ymax>
    </bndbox>
  </object>
  <object>
    <name>car</name>
    <pose>Unspecified</pose>
    <truncated>0</truncated>
    <difficult>0</difficult>
    <bndbox>
      <xmin>220</xmin>
      <ymin>188</ymin>
      <xmax>417</xmax>
      <ymax>260</ymax>
    </bndbox>
  </object>
  <object>
    <name>car</name>
    <pose>Unspecified</pose>
    <truncated>0</truncated>
    <difficult>0</difficult>
    <bndbox>
      <xmin>962</xmin>
      <ymin>547</ymin>
      <xmax>1273</xmax>
      <ymax>703</ymax>
    </bndbox>
  </object>
  <object>
    <name>car</name>
    <pose>Unspecified</pose>
    <truncated>0</truncated>
    <difficult>0</difficult>
    <bndbox>
      <xmin>709</xmin>
      <ymin>181</ymin>
      <xmax>925</xmax>
      <ymax>257</ymax>
    </bndbox>
  </object>
  <object>
    <name>car</name>
    <pose>Unspecified</pose>
    <truncated>0</truncated>
    <difficult>0</difficult>
    <bndbox>
      <xmin>821</xmin>
      <ymin>318</ymin>
      <xmax>1038</xmax>
      <ymax>422</ymax>
    </bndbox>
  </object>
  <object>
    <name>car</name>
    <pose>Unspecified</pose>
    <truncated>0</truncated>
    <difficult>0</difficult>
    <bndbox>
      <xmin>751</xmin>
      <ymin>252</ymin>
      <xmax>949</xmax>
      <ymax>319</ymax>
    </bndbox>
  </object>
</annotation>
