<annotation>
  <folder>Unspecified</folder>
  <filename>afternoon_2_scene_0002003.txt</filename>
  <path>/home/luan/workspace/pytorch-ssd/dataset/JPEGImages/afternoon_2_scene_0002003.txt</path>
  <source>
    <database>Unknown</database>
  </source>
  <size>
    <width>1280</width>
    <height>960</height>
    <depth>3</depth>
  </size>
  <segmented>0</segmented>
  <object>
    <name>car</name>
    <pose>Unspecified</pose>
    <truncated>0</truncated>
    <difficult>0</difficult>
    <bndbox>
      <xmin>0</xmin>
      <ymin>784</ymin>
      <xmax>125</xmax>
      <ymax>958</ymax>
    </bndbox>
  </object>
  <object>
    <name>car</name>
    <pose>Unspecified</pose>
    <truncated>0</truncated>
    <difficult>0</difficult>
    <bndbox>
      <xmin>508</xmin>
      <ymin>219</ymin>
      <xmax>660</xmax>
      <ymax>383</ymax>
    </bndbox>
  </object>
  <object>
    <name>car</name>
    <pose>Unspecified</pose>
    <truncated>0</truncated>
    <difficult>0</difficult>
    <bndbox>
      <xmin>857</xmin>
      <ymin>428</ymin>
      <xmax>1153</xmax>
      <ymax>583</ymax>
    </bndbox>
  </object>
  <object>
    <name>motorcycle</name>
    <pose>Unspecified</pose>
    <truncated>0</truncated>
    <difficult>0</difficult>
    <bndbox>
      <xmin>988</xmin>
      <ymin>279</ymin>
      <xmax>1076</xmax>
      <ymax>334</ymax>
    </bndbox>
  </object>
  <object>
    <name>motorcycle</name>
    <pose>Unspecified</pose>
    <truncated>0</truncated>
    <difficult>0</difficult>
    <bndbox>
      <xmin>950</xmin>
      <ymin>249</ymin>
      <xmax>1038</xmax>
      <ymax>304</ymax>
    </bndbox>
  </object>
  <object>
    <name>motorcycle</name>
    <pose>Unspecified</pose>
    <truncated>0</truncated>
    <difficult>0</difficult>
    <bndbox>
      <xmin>907</xmin>
      <ymin>216</ymin>
      <xmax>993</xmax>
      <ymax>270</ymax>
    </bndbox>
  </object>
  <object>
    <name>motorcycle</name>
    <pose>Unspecified</pose>
    <truncated>0</truncated>
    <difficult>0</difficult>
    <bndbox>
      <xmin>1141</xmin>
      <ymin>276</ymin>
      <xmax>1226</xmax>
      <ymax>337</ymax>
    </bndbox>
  </object>
  <object>
    <name>motorcycle</name>
    <pose>Unspecified</pose>
    <truncated>0</truncated>
    <difficult>0</difficult>
    <bndbox>
      <xmin>1126</xmin>
      <ymin>267</ymin>
      <xmax>1206</xmax>
      <ymax>318</ymax>
    </bndbox>
  </object>
  <object>
    <name>motorcycle</name>
    <pose>Unspecified</pose>
    <truncated>0</truncated>
    <difficult>0</difficult>
    <bndbox>
      <xmin>1078</xmin>
      <ymin>243</ymin>
      <xmax>1162</xmax>
      <ymax>299</ymax>
    </bndbox>
  </object>
  <object>
    <name>motorcycle</name>
    <pose>Unspecified</pose>
    <truncated>0</truncated>
    <difficult>0</difficult>
    <bndbox>
      <xmin>1034</xmin>
      <ymin>203</ymin>
      <xmax>1113</xmax>
      <ymax>255</ymax>
    </bndbox>
  </object>
  <object>
    <name>bicycle</name>
    <pose>Unspecified</pose>
    <truncated>0</truncated>
    <difficult>0</difficult>
    <bndbox>
      <xmin>1139</xmin>
      <ymin>237</ymin>
      <xmax>1199</xmax>
      <ymax>286</ymax>
    </bndbox>
  </object>
  <object>
    <name>car</name>
    <pose>Unspecified</pose>
    <truncated>0</truncated>
    <difficult>0</difficult>
    <bndbox>
      <xmin>190</xmin>
      <ymin>150</ymin>
      <xmax>358</xmax>
      <ymax>230</ymax>
    </bndbox>
  </object>
  <object>
    <name>car</name>
    <pose>Unspecified</pose>
    <truncated>0</truncated>
    <difficult>0</difficult>
    <bndbox>
      <xmin>705</xmin>
      <ymin>186</ymin>
      <xmax>887</xmax>
      <ymax>270</ymax>
    </bndbox>
  </object>
  <object>
    <name>car</name>
    <pose>Unspecified</pose>
    <truncated>0</truncated>
    <difficult>0</difficult>
    <bndbox>
      <xmin>765</xmin>
      <ymin>287</ymin>
      <xmax>969</xmax>
      <ymax>390</ymax>
    </bndbox>
  </object>
  <object>
    <name>car</name>
    <pose>Unspecified</pose>
    <truncated>0</truncated>
    <difficult>0</difficult>
    <bndbox>
      <xmin>898</xmin>
      <ymin>527</ymin>
      <xmax>1240</xmax>
      <ymax>686</ymax>
    </bndbox>
  </object>
</annotation>
