<annotation>
  <folder>Unspecified</folder>
  <filename>afternoon_2_scene_0000002.txt</filename>
  <path>/home/luan/workspace/pytorch-ssd/dataset/JPEGImages/afternoon_2_scene_0000002.txt</path>
  <source>
    <database>Unknown</database>
  </source>
  <size>
    <width>1280</width>
    <height>960</height>
    <depth>3</depth>
  </size>
  <segmented>0</segmented>
  <object>
    <name>pedestrian</name>
    <pose>Unspecified</pose>
    <truncated>0</truncated>
    <difficult>0</difficult>
    <bndbox>
      <xmin>635</xmin>
      <ymin>494</ymin>
      <xmax>734</xmax>
      <ymax>658</ymax>
    </bndbox>
  </object>
  <object>
    <name>car</name>
    <pose>Unspecified</pose>
    <truncated>0</truncated>
    <difficult>0</difficult>
    <bndbox>
      <xmin>892</xmin>
      <ymin>514</ymin>
      <xmax>1256</xmax>
      <ymax>712</ymax>
    </bndbox>
  </object>
  <object>
    <name>car</name>
    <pose>Unspecified</pose>
    <truncated>0</truncated>
    <difficult>0</difficult>
    <bndbox>
      <xmin>855</xmin>
      <ymin>413</ymin>
      <xmax>1154</xmax>
      <ymax>584</ymax>
    </bndbox>
  </object>
  <object>
    <name>car</name>
    <pose>Unspecified</pose>
    <truncated>0</truncated>
    <difficult>0</difficult>
    <bndbox>
      <xmin>758</xmin>
      <ymin>259</ymin>
      <xmax>991</xmax>
      <ymax>404</ymax>
    </bndbox>
  </object>
  <object>
    <name>car</name>
    <pose>Unspecified</pose>
    <truncated>0</truncated>
    <difficult>0</difficult>
    <bndbox>
      <xmin>0</xmin>
      <ymin>782</ymin>
      <xmax>135</xmax>
      <ymax>940</ymax>
    </bndbox>
  </object>
  <object>
    <name>car</name>
    <pose>Unspecified</pose>
    <truncated>0</truncated>
    <difficult>0</difficult>
    <bndbox>
      <xmin>192</xmin>
      <ymin>152</ymin>
      <xmax>364</xmax>
      <ymax>227</ymax>
    </bndbox>
  </object>
  <object>
    <name>car</name>
    <pose>Unspecified</pose>
    <truncated>0</truncated>
    <difficult>0</difficult>
    <bndbox>
      <xmin>690</xmin>
      <ymin>180</ymin>
      <xmax>898</xmax>
      <ymax>267</ymax>
    </bndbox>
  </object>
  <object>
    <name>motorcycle</name>
    <pose>Unspecified</pose>
    <truncated>0</truncated>
    <difficult>0</difficult>
    <bndbox>
      <xmin>985</xmin>
      <ymin>270</ymin>
      <xmax>1085</xmax>
      <ymax>337</ymax>
    </bndbox>
  </object>
  <object>
    <name>motorcycle</name>
    <pose>Unspecified</pose>
    <truncated>0</truncated>
    <difficult>0</difficult>
    <bndbox>
      <xmin>947</xmin>
      <ymin>237</ymin>
      <xmax>1039</xmax>
      <ymax>308</ymax>
    </bndbox>
  </object>
  <object>
    <name>motorcycle</name>
    <pose>Unspecified</pose>
    <truncated>0</truncated>
    <difficult>0</difficult>
    <bndbox>
      <xmin>1141</xmin>
      <ymin>284</ymin>
      <xmax>1226</xmax>
      <ymax>336</ymax>
    </bndbox>
  </object>
  <object>
    <name>motorcycle</name>
    <pose>Unspecified</pose>
    <truncated>0</truncated>
    <difficult>0</difficult>
    <bndbox>
      <xmin>1125</xmin>
      <ymin>265</ymin>
      <xmax>1204</xmax>
      <ymax>325</ymax>
    </bndbox>
  </object>
  <object>
    <name>motorcycle</name>
    <pose>Unspecified</pose>
    <truncated>0</truncated>
    <difficult>0</difficult>
    <bndbox>
      <xmin>1084</xmin>
      <ymin>241</ymin>
      <xmax>1174</xmax>
      <ymax>291</ymax>
    </bndbox>
  </object>
  <object>
    <name>motorcycle</name>
    <pose>Unspecified</pose>
    <truncated>0</truncated>
    <difficult>0</difficult>
    <bndbox>
      <xmin>1036</xmin>
      <ymin>201</ymin>
      <xmax>1118</xmax>
      <ymax>261</ymax>
    </bndbox>
  </object>
  <object>
    <name>bicycle</name>
    <pose>Unspecified</pose>
    <truncated>0</truncated>
    <difficult>0</difficult>
    <bndbox>
      <xmin>1130</xmin>
      <ymin>231</ymin>
      <xmax>1199</xmax>
      <ymax>291</ymax>
    </bndbox>
  </object>
</annotation>
