<annotation>
  <folder>Unspecified</folder>
  <filename>afternoon_2_scene_0024003.txt</filename>
  <path>/home/luan/workspace/pytorch-ssd/dataset/JPEGImages/afternoon_2_scene_0024003.txt</path>
  <source>
    <database>Unknown</database>
  </source>
  <size>
    <width>1280</width>
    <height>960</height>
    <depth>3</depth>
  </size>
  <segmented>0</segmented>
  <object>
    <name>pedestrian</name>
    <pose>Unspecified</pose>
    <truncated>0</truncated>
    <difficult>0</difficult>
    <bndbox>
      <xmin>672</xmin>
      <ymin>218</ymin>
      <xmax>717</xmax>
      <ymax>303</ymax>
    </bndbox>
  </object>
  <object>
    <name>pedestrian</name>
    <pose>Unspecified</pose>
    <truncated>0</truncated>
    <difficult>0</difficult>
    <bndbox>
      <xmin>599</xmin>
      <ymin>199</ymin>
      <xmax>654</xmax>
      <ymax>300</ymax>
    </bndbox>
  </object>
  <object>
    <name>car</name>
    <pose>Unspecified</pose>
    <truncated>0</truncated>
    <difficult>0</difficult>
    <bndbox>
      <xmin>738</xmin>
      <ymin>139</ymin>
      <xmax>942</xmax>
      <ymax>230</ymax>
    </bndbox>
  </object>
  <object>
    <name>motorcycle</name>
    <pose>Unspecified</pose>
    <truncated>0</truncated>
    <difficult>0</difficult>
    <bndbox>
      <xmin>1019</xmin>
      <ymin>235</ymin>
      <xmax>1128</xmax>
      <ymax>297</ymax>
    </bndbox>
  </object>
  <object>
    <name>motorcycle</name>
    <pose>Unspecified</pose>
    <truncated>0</truncated>
    <difficult>0</difficult>
    <bndbox>
      <xmin>986</xmin>
      <ymin>188</ymin>
      <xmax>1087</xmax>
      <ymax>251</ymax>
    </bndbox>
  </object>
  <object>
    <name>motorcycle</name>
    <pose>Unspecified</pose>
    <truncated>0</truncated>
    <difficult>0</difficult>
    <bndbox>
      <xmin>1188</xmin>
      <ymin>239</ymin>
      <xmax>1268</xmax>
      <ymax>304</ymax>
    </bndbox>
  </object>
  <object>
    <name>motorcycle</name>
    <pose>Unspecified</pose>
    <truncated>0</truncated>
    <difficult>0</difficult>
    <bndbox>
      <xmin>1165</xmin>
      <ymin>218</ymin>
      <xmax>1249</xmax>
      <ymax>276</ymax>
    </bndbox>
  </object>
  <object>
    <name>motorcycle</name>
    <pose>Unspecified</pose>
    <truncated>0</truncated>
    <difficult>0</difficult>
    <bndbox>
      <xmin>1130</xmin>
      <ymin>197</ymin>
      <xmax>1198</xmax>
      <ymax>248</ymax>
    </bndbox>
  </object>
  <object>
    <name>car</name>
    <pose>Unspecified</pose>
    <truncated>0</truncated>
    <difficult>0</difficult>
    <bndbox>
      <xmin>895</xmin>
      <ymin>391</ymin>
      <xmax>1170</xmax>
      <ymax>536</ymax>
    </bndbox>
  </object>
  <object>
    <name>car</name>
    <pose>Unspecified</pose>
    <truncated>0</truncated>
    <difficult>0</difficult>
    <bndbox>
      <xmin>741</xmin>
      <ymin>136</ymin>
      <xmax>934</xmax>
      <ymax>230</ymax>
    </bndbox>
  </object>
</annotation>
