<annotation>
  <folder>Unspecified</folder>
  <filename>afternoon_3_scene_0013005.txt</filename>
  <path>/home/luan/workspace/pytorch-ssd/dataset/JPEGImages/afternoon_3_scene_0013005.txt</path>
  <source>
    <database>Unknown</database>
  </source>
  <size>
    <width>1280</width>
    <height>960</height>
    <depth>3</depth>
  </size>
  <segmented>0</segmented>
  <object>
    <name>car</name>
    <pose>Unspecified</pose>
    <truncated>0</truncated>
    <difficult>0</difficult>
    <bndbox>
      <xmin>602</xmin>
      <ymin>130</ymin>
      <xmax>722</xmax>
      <ymax>190</ymax>
    </bndbox>
  </object>
  <object>
    <name>car</name>
    <pose>Unspecified</pose>
    <truncated>0</truncated>
    <difficult>0</difficult>
    <bndbox>
      <xmin>1</xmin>
      <ymin>615</ymin>
      <xmax>239</xmax>
      <ymax>808</ymax>
    </bndbox>
  </object>
  <object>
    <name>car</name>
    <pose>Unspecified</pose>
    <truncated>0</truncated>
    <difficult>0</difficult>
    <bndbox>
      <xmin>7</xmin>
      <ymin>447</ymin>
      <xmax>288</xmax>
      <ymax>579</ymax>
    </bndbox>
  </object>
  <object>
    <name>car</name>
    <pose>Unspecified</pose>
    <truncated>0</truncated>
    <difficult>0</difficult>
    <bndbox>
      <xmin>1032</xmin>
      <ymin>754</ymin>
      <xmax>1280</xmax>
      <ymax>952</ymax>
    </bndbox>
  </object>
  <object>
    <name>car</name>
    <pose>Unspecified</pose>
    <truncated>0</truncated>
    <difficult>0</difficult>
    <bndbox>
      <xmin>998</xmin>
      <ymin>651</ymin>
      <xmax>1280</xmax>
      <ymax>826</ymax>
    </bndbox>
  </object>
  <object>
    <name>car</name>
    <pose>Unspecified</pose>
    <truncated>0</truncated>
    <difficult>0</difficult>
    <bndbox>
      <xmin>937</xmin>
      <ymin>517</ymin>
      <xmax>1280</xmax>
      <ymax>725</ymax>
    </bndbox>
  </object>
  <object>
    <name>car</name>
    <pose>Unspecified</pose>
    <truncated>0</truncated>
    <difficult>0</difficult>
    <bndbox>
      <xmin>888</xmin>
      <ymin>415</ymin>
      <xmax>1169</xmax>
      <ymax>528</ymax>
    </bndbox>
  </object>
  <object>
    <name>motorcycle</name>
    <pose>Unspecified</pose>
    <truncated>0</truncated>
    <difficult>0</difficult>
    <bndbox>
      <xmin>1222</xmin>
      <ymin>336</ymin>
      <xmax>1280</xmax>
      <ymax>388</ymax>
    </bndbox>
  </object>
  <object>
    <name>motorcycle</name>
    <pose>Unspecified</pose>
    <truncated>0</truncated>
    <difficult>0</difficult>
    <bndbox>
      <xmin>1159</xmin>
      <ymin>292</ymin>
      <xmax>1242</xmax>
      <ymax>360</ymax>
    </bndbox>
  </object>
  <object>
    <name>motorcycle</name>
    <pose>Unspecified</pose>
    <truncated>0</truncated>
    <difficult>0</difficult>
    <bndbox>
      <xmin>1118</xmin>
      <ymin>266</ymin>
      <xmax>1194</xmax>
      <ymax>307</ymax>
    </bndbox>
  </object>
  <object>
    <name>motorcycle</name>
    <pose>Unspecified</pose>
    <truncated>0</truncated>
    <difficult>0</difficult>
    <bndbox>
      <xmin>1078</xmin>
      <ymin>233</ymin>
      <xmax>1166</xmax>
      <ymax>286</ymax>
    </bndbox>
  </object>
  <object>
    <name>motorcycle</name>
    <pose>Unspecified</pose>
    <truncated>0</truncated>
    <difficult>0</difficult>
    <bndbox>
      <xmin>1061</xmin>
      <ymin>216</ymin>
      <xmax>1157</xmax>
      <ymax>272</ymax>
    </bndbox>
  </object>
  <object>
    <name>motorcycle</name>
    <pose>Unspecified</pose>
    <truncated>0</truncated>
    <difficult>0</difficult>
    <bndbox>
      <xmin>1014</xmin>
      <ymin>300</ymin>
      <xmax>1106</xmax>
      <ymax>362</ymax>
    </bndbox>
  </object>
  <object>
    <name>motorcycle</name>
    <pose>Unspecified</pose>
    <truncated>0</truncated>
    <difficult>0</difficult>
    <bndbox>
      <xmin>967</xmin>
      <ymin>266</ymin>
      <xmax>1063</xmax>
      <ymax>315</ymax>
    </bndbox>
  </object>
  <object>
    <name>motorcycle</name>
    <pose>Unspecified</pose>
    <truncated>0</truncated>
    <difficult>0</difficult>
    <bndbox>
      <xmin>949</xmin>
      <ymin>233</ymin>
      <xmax>1038</xmax>
      <ymax>292</ymax>
    </bndbox>
  </object>
  <object>
    <name>car</name>
    <pose>Unspecified</pose>
    <truncated>0</truncated>
    <difficult>0</difficult>
    <bndbox>
      <xmin>744</xmin>
      <ymin>216</ymin>
      <xmax>930</xmax>
      <ymax>283</ymax>
    </bndbox>
  </object>
  <object>
    <name>car</name>
    <pose>Unspecified</pose>
    <truncated>0</truncated>
    <difficult>0</difficult>
    <bndbox>
      <xmin>833</xmin>
      <ymin>315</ymin>
      <xmax>1053</xmax>
      <ymax>390</ymax>
    </bndbox>
  </object>
  <object>
    <name>car</name>
    <pose>Unspecified</pose>
    <truncated>0</truncated>
    <difficult>0</difficult>
    <bndbox>
      <xmin>761</xmin>
      <ymin>250</ymin>
      <xmax>959</xmax>
      <ymax>330</ymax>
    </bndbox>
  </object>
  <object>
    <name>car</name>
    <pose>Unspecified</pose>
    <truncated>0</truncated>
    <difficult>0</difficult>
    <bndbox>
      <xmin>946</xmin>
      <ymin>475</ymin>
      <xmax>1211</xmax>
      <ymax>583</ymax>
    </bndbox>
  </object>
  <object>
    <name>car</name>
    <pose>Unspecified</pose>
    <truncated>0</truncated>
    <difficult>0</difficult>
    <bndbox>
      <xmin>831</xmin>
      <ymin>358</ymin>
      <xmax>1098</xmax>
      <ymax>462</ymax>
    </bndbox>
  </object>
</annotation>
