<annotation>
  <folder>Unspecified</folder>
  <filename>afternoon_5_scene_0006002.txt</filename>
  <path>/home/luan/workspace/pytorch-ssd/dataset/JPEGImages/afternoon_5_scene_0006002.txt</path>
  <source>
    <database>Unknown</database>
  </source>
  <size>
    <width>1280</width>
    <height>960</height>
    <depth>3</depth>
  </size>
  <segmented>0</segmented>
  <object>
    <name>car</name>
    <pose>Unspecified</pose>
    <truncated>0</truncated>
    <difficult>0</difficult>
    <bndbox>
      <xmin>1073</xmin>
      <ymin>759</ymin>
      <xmax>1280</xmax>
      <ymax>959</ymax>
    </bndbox>
  </object>
  <object>
    <name>car</name>
    <pose>Unspecified</pose>
    <truncated>0</truncated>
    <difficult>0</difficult>
    <bndbox>
      <xmin>814</xmin>
      <ymin>277</ymin>
      <xmax>1055</xmax>
      <ymax>415</ymax>
    </bndbox>
  </object>
  <object>
    <name>car</name>
    <pose>Unspecified</pose>
    <truncated>0</truncated>
    <difficult>0</difficult>
    <bndbox>
      <xmin>790</xmin>
      <ymin>216</ymin>
      <xmax>1002</xmax>
      <ymax>318</ymax>
    </bndbox>
  </object>
  <object>
    <name>car</name>
    <pose>Unspecified</pose>
    <truncated>0</truncated>
    <difficult>0</difficult>
    <bndbox>
      <xmin>796</xmin>
      <ymin>216</ymin>
      <xmax>996</xmax>
      <ymax>327</ymax>
    </bndbox>
  </object>
  <object>
    <name>car</name>
    <pose>Unspecified</pose>
    <truncated>0</truncated>
    <difficult>0</difficult>
    <bndbox>
      <xmin>774</xmin>
      <ymin>189</ymin>
      <xmax>955</xmax>
      <ymax>270</ymax>
    </bndbox>
  </object>
  <object>
    <name>car</name>
    <pose>Unspecified</pose>
    <truncated>0</truncated>
    <difficult>0</difficult>
    <bndbox>
      <xmin>761</xmin>
      <ymin>175</ymin>
      <xmax>928</xmax>
      <ymax>228</ymax>
    </bndbox>
  </object>
  <object>
    <name>car</name>
    <pose>Unspecified</pose>
    <truncated>0</truncated>
    <difficult>0</difficult>
    <bndbox>
      <xmin>0</xmin>
      <ymin>581</ymin>
      <xmax>324</xmax>
      <ymax>782</ymax>
    </bndbox>
  </object>
  <object>
    <name>car</name>
    <pose>Unspecified</pose>
    <truncated>0</truncated>
    <difficult>0</difficult>
    <bndbox>
      <xmin>2</xmin>
      <ymin>476</ymin>
      <xmax>323</xmax>
      <ymax>635</ymax>
    </bndbox>
  </object>
  <object>
    <name>car</name>
    <pose>Unspecified</pose>
    <truncated>0</truncated>
    <difficult>0</difficult>
    <bndbox>
      <xmin>142</xmin>
      <ymin>265</ymin>
      <xmax>410</xmax>
      <ymax>344</ymax>
    </bndbox>
  </object>
  <object>
    <name>car</name>
    <pose>Unspecified</pose>
    <truncated>0</truncated>
    <difficult>0</difficult>
    <bndbox>
      <xmin>241</xmin>
      <ymin>175</ymin>
      <xmax>417</xmax>
      <ymax>246</ymax>
    </bndbox>
  </object>
  <object>
    <name>car</name>
    <pose>Unspecified</pose>
    <truncated>0</truncated>
    <difficult>0</difficult>
    <bndbox>
      <xmin>252</xmin>
      <ymin>142</ymin>
      <xmax>426</xmax>
      <ymax>219</ymax>
    </bndbox>
  </object>
  <object>
    <name>motorcycle</name>
    <pose>Unspecified</pose>
    <truncated>0</truncated>
    <difficult>0</difficult>
    <bndbox>
      <xmin>1200</xmin>
      <ymin>297</ymin>
      <xmax>1274</xmax>
      <ymax>376</ymax>
    </bndbox>
  </object>
  <object>
    <name>motorcycle</name>
    <pose>Unspecified</pose>
    <truncated>0</truncated>
    <difficult>0</difficult>
    <bndbox>
      <xmin>1142</xmin>
      <ymin>261</ymin>
      <xmax>1223</xmax>
      <ymax>315</ymax>
    </bndbox>
  </object>
  <object>
    <name>motorcycle</name>
    <pose>Unspecified</pose>
    <truncated>0</truncated>
    <difficult>0</difficult>
    <bndbox>
      <xmin>1114</xmin>
      <ymin>226</ymin>
      <xmax>1187</xmax>
      <ymax>286</ymax>
    </bndbox>
  </object>
  <object>
    <name>motorcycle</name>
    <pose>Unspecified</pose>
    <truncated>0</truncated>
    <difficult>0</difficult>
    <bndbox>
      <xmin>1087</xmin>
      <ymin>209</ymin>
      <xmax>1162</xmax>
      <ymax>254</ymax>
    </bndbox>
  </object>
  <object>
    <name>motorcycle</name>
    <pose>Unspecified</pose>
    <truncated>0</truncated>
    <difficult>0</difficult>
    <bndbox>
      <xmin>1076</xmin>
      <ymin>196</ymin>
      <xmax>1151</xmax>
      <ymax>244</ymax>
    </bndbox>
  </object>
  <object>
    <name>motorcycle</name>
    <pose>Unspecified</pose>
    <truncated>0</truncated>
    <difficult>0</difficult>
    <bndbox>
      <xmin>1040</xmin>
      <ymin>291</ymin>
      <xmax>1123</xmax>
      <ymax>358</ymax>
    </bndbox>
  </object>
  <object>
    <name>motorcycle</name>
    <pose>Unspecified</pose>
    <truncated>0</truncated>
    <difficult>0</difficult>
    <bndbox>
      <xmin>1021</xmin>
      <ymin>279</ymin>
      <xmax>1113</xmax>
      <ymax>329</ymax>
    </bndbox>
  </object>
  <object>
    <name>motorcycle</name>
    <pose>Unspecified</pose>
    <truncated>0</truncated>
    <difficult>0</difficult>
    <bndbox>
      <xmin>999</xmin>
      <ymin>258</ymin>
      <xmax>1086</xmax>
      <ymax>307</ymax>
    </bndbox>
  </object>
  <object>
    <name>motorcycle</name>
    <pose>Unspecified</pose>
    <truncated>0</truncated>
    <difficult>0</difficult>
    <bndbox>
      <xmin>986</xmin>
      <ymin>235</ymin>
      <xmax>1074</xmax>
      <ymax>294</ymax>
    </bndbox>
  </object>
  <object>
    <name>motorcycle</name>
    <pose>Unspecified</pose>
    <truncated>0</truncated>
    <difficult>0</difficult>
    <bndbox>
      <xmin>974</xmin>
      <ymin>213</ymin>
      <xmax>1063</xmax>
      <ymax>276</ymax>
    </bndbox>
  </object>
  <object>
    <name>car</name>
    <pose>Unspecified</pose>
    <truncated>0</truncated>
    <difficult>0</difficult>
    <bndbox>
      <xmin>128</xmin>
      <ymin>305</ymin>
      <xmax>372</xmax>
      <ymax>416</ymax>
    </bndbox>
  </object>
  <object>
    <name>car</name>
    <pose>Unspecified</pose>
    <truncated>0</truncated>
    <difficult>0</difficult>
    <bndbox>
      <xmin>61</xmin>
      <ymin>362</ymin>
      <xmax>345</xmax>
      <ymax>493</ymax>
    </bndbox>
  </object>
  <object>
    <name>car</name>
    <pose>Unspecified</pose>
    <truncated>0</truncated>
    <difficult>0</difficult>
    <bndbox>
      <xmin>202</xmin>
      <ymin>230</ymin>
      <xmax>413</xmax>
      <ymax>313</ymax>
    </bndbox>
  </object>
  <object>
    <name>car</name>
    <pose>Unspecified</pose>
    <truncated>0</truncated>
    <difficult>0</difficult>
    <bndbox>
      <xmin>283</xmin>
      <ymin>132</ymin>
      <xmax>444</xmax>
      <ymax>201</ymax>
    </bndbox>
  </object>
  <object>
    <name>car</name>
    <pose>Unspecified</pose>
    <truncated>0</truncated>
    <difficult>0</difficult>
    <bndbox>
      <xmin>826</xmin>
      <ymin>342</ymin>
      <xmax>1094</xmax>
      <ymax>441</ymax>
    </bndbox>
  </object>
  <object>
    <name>car</name>
    <pose>Unspecified</pose>
    <truncated>0</truncated>
    <difficult>0</difficult>
    <bndbox>
      <xmin>881</xmin>
      <ymin>390</ymin>
      <xmax>1162</xmax>
      <ymax>525</ymax>
    </bndbox>
  </object>
  <object>
    <name>car</name>
    <pose>Unspecified</pose>
    <truncated>0</truncated>
    <difficult>0</difficult>
    <bndbox>
      <xmin>1009</xmin>
      <ymin>636</ymin>
      <xmax>1273</xmax>
      <ymax>806</ymax>
    </bndbox>
  </object>
  <object>
    <name>car</name>
    <pose>Unspecified</pose>
    <truncated>0</truncated>
    <difficult>0</difficult>
    <bndbox>
      <xmin>770</xmin>
      <ymin>155</ymin>
      <xmax>881</xmax>
      <ymax>195</ymax>
    </bndbox>
  </object>
</annotation>
