<annotation>
  <folder>Unspecified</folder>
  <filename>afternoon_2_scene_0017001.txt</filename>
  <path>/home/luan/workspace/pytorch-ssd/dataset/JPEGImages/afternoon_2_scene_0017001.txt</path>
  <source>
    <database>Unknown</database>
  </source>
  <size>
    <width>1280</width>
    <height>960</height>
    <depth>3</depth>
  </size>
  <segmented>0</segmented>
  <object>
    <name>motorcycle</name>
    <pose>Unspecified</pose>
    <truncated>0</truncated>
    <difficult>0</difficult>
    <bndbox>
      <xmin>984</xmin>
      <ymin>188</ymin>
      <xmax>1084</xmax>
      <ymax>252</ymax>
    </bndbox>
  </object>
  <object>
    <name>motorcycle</name>
    <pose>Unspecified</pose>
    <truncated>0</truncated>
    <difficult>0</difficult>
    <bndbox>
      <xmin>1182</xmin>
      <ymin>234</ymin>
      <xmax>1267</xmax>
      <ymax>303</ymax>
    </bndbox>
  </object>
  <object>
    <name>motorcycle</name>
    <pose>Unspecified</pose>
    <truncated>0</truncated>
    <difficult>0</difficult>
    <bndbox>
      <xmin>1167</xmin>
      <ymin>222</ymin>
      <xmax>1246</xmax>
      <ymax>282</ymax>
    </bndbox>
  </object>
  <object>
    <name>motorcycle</name>
    <pose>Unspecified</pose>
    <truncated>0</truncated>
    <difficult>0</difficult>
    <bndbox>
      <xmin>1128</xmin>
      <ymin>195</ymin>
      <xmax>1212</xmax>
      <ymax>257</ymax>
    </bndbox>
  </object>
  <object>
    <name>motorcycle</name>
    <pose>Unspecified</pose>
    <truncated>0</truncated>
    <difficult>0</difficult>
    <bndbox>
      <xmin>1080</xmin>
      <ymin>153</ymin>
      <xmax>1152</xmax>
      <ymax>215</ymax>
    </bndbox>
  </object>
  <object>
    <name>car</name>
    <pose>Unspecified</pose>
    <truncated>0</truncated>
    <difficult>0</difficult>
    <bndbox>
      <xmin>621</xmin>
      <ymin>631</ymin>
      <xmax>1037</xmax>
      <ymax>862</ymax>
    </bndbox>
  </object>
  <object>
    <name>car</name>
    <pose>Unspecified</pose>
    <truncated>0</truncated>
    <difficult>0</difficult>
    <bndbox>
      <xmin>893</xmin>
      <ymin>396</ymin>
      <xmax>1173</xmax>
      <ymax>550</ymax>
    </bndbox>
  </object>
  <object>
    <name>motorcycle</name>
    <pose>Unspecified</pose>
    <truncated>0</truncated>
    <difficult>0</difficult>
    <bndbox>
      <xmin>1024</xmin>
      <ymin>229</ymin>
      <xmax>1116</xmax>
      <ymax>282</ymax>
    </bndbox>
  </object>
  <object>
    <name>car</name>
    <pose>Unspecified</pose>
    <truncated>0</truncated>
    <difficult>0</difficult>
    <bndbox>
      <xmin>806</xmin>
      <ymin>238</ymin>
      <xmax>1015</xmax>
      <ymax>338</ymax>
    </bndbox>
  </object>
  <object>
    <name>car</name>
    <pose>Unspecified</pose>
    <truncated>0</truncated>
    <difficult>0</difficult>
    <bndbox>
      <xmin>745</xmin>
      <ymin>141</ymin>
      <xmax>930</xmax>
      <ymax>219</ymax>
    </bndbox>
  </object>
</annotation>
