<annotation>
  <folder>Unspecified</folder>
  <filename>afternoon_2_scene_0024001.txt</filename>
  <path>/home/luan/workspace/pytorch-ssd/dataset/JPEGImages/afternoon_2_scene_0024001.txt</path>
  <source>
    <database>Unknown</database>
  </source>
  <size>
    <width>1280</width>
    <height>960</height>
    <depth>3</depth>
  </size>
  <segmented>0</segmented>
  <object>
    <name>pedestrian</name>
    <pose>Unspecified</pose>
    <truncated>0</truncated>
    <difficult>0</difficult>
    <bndbox>
      <xmin>329</xmin>
      <ymin>564</ymin>
      <xmax>409</xmax>
      <ymax>753</ymax>
    </bndbox>
  </object>
  <object>
    <name>pedestrian</name>
    <pose>Unspecified</pose>
    <truncated>0</truncated>
    <difficult>0</difficult>
    <bndbox>
      <xmin>277</xmin>
      <ymin>531</ymin>
      <xmax>380</xmax>
      <ymax>665</ymax>
    </bndbox>
  </object>
  <object>
    <name>motorcycle</name>
    <pose>Unspecified</pose>
    <truncated>0</truncated>
    <difficult>0</difficult>
    <bndbox>
      <xmin>1022</xmin>
      <ymin>228</ymin>
      <xmax>1119</xmax>
      <ymax>297</ymax>
    </bndbox>
  </object>
  <object>
    <name>motorcycle</name>
    <pose>Unspecified</pose>
    <truncated>0</truncated>
    <difficult>0</difficult>
    <bndbox>
      <xmin>985</xmin>
      <ymin>183</ymin>
      <xmax>1080</xmax>
      <ymax>254</ymax>
    </bndbox>
  </object>
  <object>
    <name>motorcycle</name>
    <pose>Unspecified</pose>
    <truncated>0</truncated>
    <difficult>0</difficult>
    <bndbox>
      <xmin>1184</xmin>
      <ymin>233</ymin>
      <xmax>1273</xmax>
      <ymax>312</ymax>
    </bndbox>
  </object>
  <object>
    <name>motorcycle</name>
    <pose>Unspecified</pose>
    <truncated>0</truncated>
    <difficult>0</difficult>
    <bndbox>
      <xmin>1170</xmin>
      <ymin>225</ymin>
      <xmax>1252</xmax>
      <ymax>278</ymax>
    </bndbox>
  </object>
  <object>
    <name>motorcycle</name>
    <pose>Unspecified</pose>
    <truncated>0</truncated>
    <difficult>0</difficult>
    <bndbox>
      <xmin>1119</xmin>
      <ymin>190</ymin>
      <xmax>1207</xmax>
      <ymax>250</ymax>
    </bndbox>
  </object>
  <object>
    <name>car</name>
    <pose>Unspecified</pose>
    <truncated>0</truncated>
    <difficult>0</difficult>
    <bndbox>
      <xmin>897</xmin>
      <ymin>400</ymin>
      <xmax>1173</xmax>
      <ymax>538</ymax>
    </bndbox>
  </object>
  <object>
    <name>car</name>
    <pose>Unspecified</pose>
    <truncated>0</truncated>
    <difficult>0</difficult>
    <bndbox>
      <xmin>746</xmin>
      <ymin>141</ymin>
      <xmax>929</xmax>
      <ymax>226</ymax>
    </bndbox>
  </object>
</annotation>
