<annotation>
  <folder>Unspecified</folder>
  <filename>morning_6_2020-03-20_02001.txt</filename>
  <path>/home/luan/workspace/pytorch-ssd/dataset/JPEGImages/morning_6_2020-03-20_02001.txt</path>
  <source>
    <database>Unknown</database>
  </source>
  <size>
    <width>1280</width>
    <height>960</height>
    <depth>3</depth>
  </size>
  <segmented>0</segmented>
  <object>
    <name>car</name>
    <pose>Unspecified</pose>
    <truncated>0</truncated>
    <difficult>0</difficult>
    <bndbox>
      <xmin>1077</xmin>
      <ymin>793</ymin>
      <xmax>1280</xmax>
      <ymax>958</ymax>
    </bndbox>
  </object>
  <object>
    <name>motorcycle</name>
    <pose>Unspecified</pose>
    <truncated>0</truncated>
    <difficult>0</difficult>
    <bndbox>
      <xmin>1008</xmin>
      <ymin>279</ymin>
      <xmax>1094</xmax>
      <ymax>354</ymax>
    </bndbox>
  </object>
  <object>
    <name>motorcycle</name>
    <pose>Unspecified</pose>
    <truncated>0</truncated>
    <difficult>0</difficult>
    <bndbox>
      <xmin>1028</xmin>
      <ymin>313</ymin>
      <xmax>1126</xmax>
      <ymax>375</ymax>
    </bndbox>
  </object>
  <object>
    <name>motorcycle</name>
    <pose>Unspecified</pose>
    <truncated>0</truncated>
    <difficult>0</difficult>
    <bndbox>
      <xmin>1128</xmin>
      <ymin>268</ymin>
      <xmax>1220</xmax>
      <ymax>328</ymax>
    </bndbox>
  </object>
  <object>
    <name>motorcycle</name>
    <pose>Unspecified</pose>
    <truncated>0</truncated>
    <difficult>0</difficult>
    <bndbox>
      <xmin>1159</xmin>
      <ymin>286</ymin>
      <xmax>1235</xmax>
      <ymax>346</ymax>
    </bndbox>
  </object>
  <object>
    <name>motorcycle</name>
    <pose>Unspecified</pose>
    <truncated>0</truncated>
    <difficult>0</difficult>
    <bndbox>
      <xmin>1217</xmin>
      <ymin>332</ymin>
      <xmax>1280</xmax>
      <ymax>396</ymax>
    </bndbox>
  </object>
  <object>
    <name>car</name>
    <pose>Unspecified</pose>
    <truncated>0</truncated>
    <difficult>0</difficult>
    <bndbox>
      <xmin>567</xmin>
      <ymin>225</ymin>
      <xmax>669</xmax>
      <ymax>335</ymax>
    </bndbox>
  </object>
  <object>
    <name>car</name>
    <pose>Unspecified</pose>
    <truncated>0</truncated>
    <difficult>0</difficult>
    <bndbox>
      <xmin>0</xmin>
      <ymin>627</ymin>
      <xmax>237</xmax>
      <ymax>829</ymax>
    </bndbox>
  </object>
  <object>
    <name>car</name>
    <pose>Unspecified</pose>
    <truncated>0</truncated>
    <difficult>0</difficult>
    <bndbox>
      <xmin>0</xmin>
      <ymin>769</ymin>
      <xmax>134</xmax>
      <ymax>960</ymax>
    </bndbox>
  </object>
  <object>
    <name>car</name>
    <pose>Unspecified</pose>
    <truncated>0</truncated>
    <difficult>0</difficult>
    <bndbox>
      <xmin>1059</xmin>
      <ymin>658</ymin>
      <xmax>1277</xmax>
      <ymax>843</ymax>
    </bndbox>
  </object>
  <object>
    <name>car</name>
    <pose>Unspecified</pose>
    <truncated>0</truncated>
    <difficult>0</difficult>
    <bndbox>
      <xmin>947</xmin>
      <ymin>554</ymin>
      <xmax>1277</xmax>
      <ymax>718</ymax>
    </bndbox>
  </object>
  <object>
    <name>car</name>
    <pose>Unspecified</pose>
    <truncated>0</truncated>
    <difficult>0</difficult>
    <bndbox>
      <xmin>925</xmin>
      <ymin>473</ymin>
      <xmax>1188</xmax>
      <ymax>604</ymax>
    </bndbox>
  </object>
  <object>
    <name>car</name>
    <pose>Unspecified</pose>
    <truncated>0</truncated>
    <difficult>0</difficult>
    <bndbox>
      <xmin>848</xmin>
      <ymin>405</ymin>
      <xmax>1146</xmax>
      <ymax>545</ymax>
    </bndbox>
  </object>
  <object>
    <name>car</name>
    <pose>Unspecified</pose>
    <truncated>0</truncated>
    <difficult>0</difficult>
    <bndbox>
      <xmin>872</xmin>
      <ymin>364</ymin>
      <xmax>1064</xmax>
      <ymax>464</ymax>
    </bndbox>
  </object>
  <object>
    <name>car</name>
    <pose>Unspecified</pose>
    <truncated>0</truncated>
    <difficult>0</difficult>
    <bndbox>
      <xmin>796</xmin>
      <ymin>316</ymin>
      <xmax>1008</xmax>
      <ymax>410</ymax>
    </bndbox>
  </object>
  <object>
    <name>car</name>
    <pose>Unspecified</pose>
    <truncated>0</truncated>
    <difficult>0</difficult>
    <bndbox>
      <xmin>794</xmin>
      <ymin>278</ymin>
      <xmax>977</xmax>
      <ymax>356</ymax>
    </bndbox>
  </object>
  <object>
    <name>car</name>
    <pose>Unspecified</pose>
    <truncated>0</truncated>
    <difficult>0</difficult>
    <bndbox>
      <xmin>762</xmin>
      <ymin>214</ymin>
      <xmax>941</xmax>
      <ymax>305</ymax>
    </bndbox>
  </object>
</annotation>
