<annotation>
  <folder>Unspecified</folder>
  <filename>morning_1_2020-03-16_01408.txt</filename>
  <path>/home/luan/workspace/pytorch-ssd/dataset/JPEGImages/morning_1_2020-03-16_01408.txt</path>
  <source>
    <database>Unknown</database>
  </source>
  <size>
    <width>1280</width>
    <height>960</height>
    <depth>3</depth>
  </size>
  <segmented>0</segmented>
  <object>
    <name>car</name>
    <pose>Unspecified</pose>
    <truncated>0</truncated>
    <difficult>0</difficult>
    <bndbox>
      <xmin>785</xmin>
      <ymin>273</ymin>
      <xmax>1044</xmax>
      <ymax>400</ymax>
    </bndbox>
  </object>
  <object>
    <name>motorcycle</name>
    <pose>Unspecified</pose>
    <truncated>0</truncated>
    <difficult>0</difficult>
    <bndbox>
      <xmin>1208</xmin>
      <ymin>325</ymin>
      <xmax>1280</xmax>
      <ymax>390</ymax>
    </bndbox>
  </object>
  <object>
    <name>motorcycle</name>
    <pose>Unspecified</pose>
    <truncated>0</truncated>
    <difficult>0</difficult>
    <bndbox>
      <xmin>962</xmin>
      <ymin>243</ymin>
      <xmax>1077</xmax>
      <ymax>329</ymax>
    </bndbox>
  </object>
  <object>
    <name>motorcycle</name>
    <pose>Unspecified</pose>
    <truncated>0</truncated>
    <difficult>0</difficult>
    <bndbox>
      <xmin>1060</xmin>
      <ymin>211</ymin>
      <xmax>1148</xmax>
      <ymax>272</ymax>
    </bndbox>
  </object>
  <object>
    <name>motorcycle</name>
    <pose>Unspecified</pose>
    <truncated>0</truncated>
    <difficult>0</difficult>
    <bndbox>
      <xmin>1131</xmin>
      <ymin>269</ymin>
      <xmax>1235</xmax>
      <ymax>344</ymax>
    </bndbox>
  </object>
  <object>
    <name>motorcycle</name>
    <pose>Unspecified</pose>
    <truncated>0</truncated>
    <difficult>0</difficult>
    <bndbox>
      <xmin>1120</xmin>
      <ymin>259</ymin>
      <xmax>1206</xmax>
      <ymax>326</ymax>
    </bndbox>
  </object>
  <object>
    <name>car</name>
    <pose>Unspecified</pose>
    <truncated>0</truncated>
    <difficult>0</difficult>
    <bndbox>
      <xmin>1</xmin>
      <ymin>590</ymin>
      <xmax>231</xmax>
      <ymax>812</ymax>
    </bndbox>
  </object>
  <object>
    <name>car</name>
    <pose>Unspecified</pose>
    <truncated>0</truncated>
    <difficult>0</difficult>
    <bndbox>
      <xmin>763</xmin>
      <ymin>181</ymin>
      <xmax>904</xmax>
      <ymax>242</ymax>
    </bndbox>
  </object>
  <object>
    <name>car</name>
    <pose>Unspecified</pose>
    <truncated>0</truncated>
    <difficult>0</difficult>
    <bndbox>
      <xmin>745</xmin>
      <ymin>199</ymin>
      <xmax>927</xmax>
      <ymax>274</ymax>
    </bndbox>
  </object>
  <object>
    <name>car</name>
    <pose>Unspecified</pose>
    <truncated>0</truncated>
    <difficult>0</difficult>
    <bndbox>
      <xmin>820</xmin>
      <ymin>310</ymin>
      <xmax>1015</xmax>
      <ymax>395</ymax>
    </bndbox>
  </object>
  <object>
    <name>car</name>
    <pose>Unspecified</pose>
    <truncated>0</truncated>
    <difficult>0</difficult>
    <bndbox>
      <xmin>833</xmin>
      <ymin>358</ymin>
      <xmax>1095</xmax>
      <ymax>468</ymax>
    </bndbox>
  </object>
  <object>
    <name>car</name>
    <pose>Unspecified</pose>
    <truncated>0</truncated>
    <difficult>0</difficult>
    <bndbox>
      <xmin>899</xmin>
      <ymin>416</ymin>
      <xmax>1139</xmax>
      <ymax>518</ymax>
    </bndbox>
  </object>
  <object>
    <name>car</name>
    <pose>Unspecified</pose>
    <truncated>0</truncated>
    <difficult>0</difficult>
    <bndbox>
      <xmin>917</xmin>
      <ymin>472</ymin>
      <xmax>1209</xmax>
      <ymax>594</ymax>
    </bndbox>
  </object>
  <object>
    <name>car</name>
    <pose>Unspecified</pose>
    <truncated>0</truncated>
    <difficult>0</difficult>
    <bndbox>
      <xmin>940</xmin>
      <ymin>544</ymin>
      <xmax>1268</xmax>
      <ymax>711</ymax>
    </bndbox>
  </object>
  <object>
    <name>car</name>
    <pose>Unspecified</pose>
    <truncated>0</truncated>
    <difficult>0</difficult>
    <bndbox>
      <xmin>1000</xmin>
      <ymin>654</ymin>
      <xmax>1276</xmax>
      <ymax>836</ymax>
    </bndbox>
  </object>
  <object>
    <name>car</name>
    <pose>Unspecified</pose>
    <truncated>0</truncated>
    <difficult>0</difficult>
    <bndbox>
      <xmin>1047</xmin>
      <ymin>787</ymin>
      <xmax>1275</xmax>
      <ymax>952</ymax>
    </bndbox>
  </object>
</annotation>
