<annotation>
  <folder>Unspecified</folder>
  <filename>morning_5_2020-03-20_01802.txt</filename>
  <path>/home/luan/workspace/pytorch-ssd/dataset/JPEGImages/morning_5_2020-03-20_01802.txt</path>
  <source>
    <database>Unknown</database>
  </source>
  <size>
    <width>1280</width>
    <height>960</height>
    <depth>3</depth>
  </size>
  <segmented>0</segmented>
  <object>
    <name>car</name>
    <pose>Unspecified</pose>
    <truncated>0</truncated>
    <difficult>0</difficult>
    <bndbox>
      <xmin>755</xmin>
      <ymin>210</ymin>
      <xmax>904</xmax>
      <ymax>315</ymax>
    </bndbox>
  </object>
  <object>
    <name>car</name>
    <pose>Unspecified</pose>
    <truncated>0</truncated>
    <difficult>0</difficult>
    <bndbox>
      <xmin>767</xmin>
      <ymin>362</ymin>
      <xmax>978</xmax>
      <ymax>510</ymax>
    </bndbox>
  </object>
  <object>
    <name>car</name>
    <pose>Unspecified</pose>
    <truncated>0</truncated>
    <difficult>0</difficult>
    <bndbox>
      <xmin>372</xmin>
      <ymin>593</ymin>
      <xmax>617</xmax>
      <ymax>795</ymax>
    </bndbox>
  </object>
</annotation>
