<annotation>
  <folder>Unspecified</folder>
  <filename>morning_5_2020-03-20_01601.txt</filename>
  <path>/home/luan/workspace/pytorch-ssd/dataset/JPEGImages/morning_5_2020-03-20_01601.txt</path>
  <source>
    <database>Unknown</database>
  </source>
  <size>
    <width>1280</width>
    <height>960</height>
    <depth>3</depth>
  </size>
  <segmented>0</segmented>
  <object>
    <name>car</name>
    <pose>Unspecified</pose>
    <truncated>0</truncated>
    <difficult>0</difficult>
    <bndbox>
      <xmin>180</xmin>
      <ymin>655</ymin>
      <xmax>446</xmax>
      <ymax>887</ymax>
    </bndbox>
  </object>
  <object>
    <name>car</name>
    <pose>Unspecified</pose>
    <truncated>0</truncated>
    <difficult>0</difficult>
    <bndbox>
      <xmin>373</xmin>
      <ymin>593</ymin>
      <xmax>620</xmax>
      <ymax>798</ymax>
    </bndbox>
  </object>
  <object>
    <name>car</name>
    <pose>Unspecified</pose>
    <truncated>0</truncated>
    <difficult>0</difficult>
    <bndbox>
      <xmin>767</xmin>
      <ymin>366</ymin>
      <xmax>968</xmax>
      <ymax>509</ymax>
    </bndbox>
  </object>
</annotation>
