<annotation>
  <folder>Unspecified</folder>
  <filename>morning_5_2020-03-20_01801.txt</filename>
  <path>/home/luan/workspace/pytorch-ssd/dataset/JPEGImages/morning_5_2020-03-20_01801.txt</path>
  <source>
    <database>Unknown</database>
  </source>
  <size>
    <width>1280</width>
    <height>960</height>
    <depth>3</depth>
  </size>
  <segmented>0</segmented>
  <object>
    <name>car</name>
    <pose>Unspecified</pose>
    <truncated>0</truncated>
    <difficult>0</difficult>
    <bndbox>
      <xmin>1</xmin>
      <ymin>480</ymin>
      <xmax>187</xmax>
      <ymax>663</ymax>
    </bndbox>
  </object>
  <object>
    <name>car</name>
    <pose>Unspecified</pose>
    <truncated>0</truncated>
    <difficult>0</difficult>
    <bndbox>
      <xmin>370</xmin>
      <ymin>596</ymin>
      <xmax>610</xmax>
      <ymax>797</ymax>
    </bndbox>
  </object>
  <object>
    <name>car</name>
    <pose>Unspecified</pose>
    <truncated>0</truncated>
    <difficult>0</difficult>
    <bndbox>
      <xmin>768</xmin>
      <ymin>365</ymin>
      <xmax>972</xmax>
      <ymax>507</ymax>
    </bndbox>
  </object>
</annotation>
