<annotation>
  <folder>Unspecified</folder>
  <filename>morning_1_2020-03-16_02801.txt</filename>
  <path>/home/luan/workspace/pytorch-ssd/dataset/JPEGImages/morning_1_2020-03-16_02801.txt</path>
  <source>
    <database>Unknown</database>
  </source>
  <size>
    <width>1280</width>
    <height>960</height>
    <depth>3</depth>
  </size>
  <segmented>0</segmented>
  <object>
    <name>car</name>
    <pose>Unspecified</pose>
    <truncated>0</truncated>
    <difficult>0</difficult>
    <bndbox>
      <xmin>522</xmin>
      <ymin>193</ymin>
      <xmax>651</xmax>
      <ymax>325</ymax>
    </bndbox>
  </object>
  <object>
    <name>car</name>
    <pose>Unspecified</pose>
    <truncated>0</truncated>
    <difficult>0</difficult>
    <bndbox>
      <xmin>1025</xmin>
      <ymin>771</ymin>
      <xmax>1278</xmax>
      <ymax>959</ymax>
    </bndbox>
  </object>
  <object>
    <name>car</name>
    <pose>Unspecified</pose>
    <truncated>0</truncated>
    <difficult>0</difficult>
    <bndbox>
      <xmin>976</xmin>
      <ymin>588</ymin>
      <xmax>1280</xmax>
      <ymax>855</ymax>
    </bndbox>
  </object>
  <object>
    <name>car</name>
    <pose>Unspecified</pose>
    <truncated>0</truncated>
    <difficult>0</difficult>
    <bndbox>
      <xmin>908</xmin>
      <ymin>518</ymin>
      <xmax>1280</xmax>
      <ymax>714</ymax>
    </bndbox>
  </object>
  <object>
    <name>car</name>
    <pose>Unspecified</pose>
    <truncated>0</truncated>
    <difficult>0</difficult>
    <bndbox>
      <xmin>884</xmin>
      <ymin>457</ymin>
      <xmax>1227</xmax>
      <ymax>621</ymax>
    </bndbox>
  </object>
  <object>
    <name>car</name>
    <pose>Unspecified</pose>
    <truncated>0</truncated>
    <difficult>0</difficult>
    <bndbox>
      <xmin>879</xmin>
      <ymin>384</ymin>
      <xmax>1150</xmax>
      <ymax>547</ymax>
    </bndbox>
  </object>
  <object>
    <name>car</name>
    <pose>Unspecified</pose>
    <truncated>0</truncated>
    <difficult>0</difficult>
    <bndbox>
      <xmin>807</xmin>
      <ymin>332</ymin>
      <xmax>1108</xmax>
      <ymax>467</ymax>
    </bndbox>
  </object>
  <object>
    <name>car</name>
    <pose>Unspecified</pose>
    <truncated>0</truncated>
    <difficult>0</difficult>
    <bndbox>
      <xmin>792</xmin>
      <ymin>288</ymin>
      <xmax>1042</xmax>
      <ymax>406</ymax>
    </bndbox>
  </object>
  <object>
    <name>car</name>
    <pose>Unspecified</pose>
    <truncated>0</truncated>
    <difficult>0</difficult>
    <bndbox>
      <xmin>771</xmin>
      <ymin>254</ymin>
      <xmax>1030</xmax>
      <ymax>359</ymax>
    </bndbox>
  </object>
  <object>
    <name>car</name>
    <pose>Unspecified</pose>
    <truncated>0</truncated>
    <difficult>0</difficult>
    <bndbox>
      <xmin>746</xmin>
      <ymin>232</ymin>
      <xmax>972</xmax>
      <ymax>330</ymax>
    </bndbox>
  </object>
  <object>
    <name>car</name>
    <pose>Unspecified</pose>
    <truncated>0</truncated>
    <difficult>0</difficult>
    <bndbox>
      <xmin>738</xmin>
      <ymin>191</ymin>
      <xmax>938</xmax>
      <ymax>279</ymax>
    </bndbox>
  </object>
  <object>
    <name>car</name>
    <pose>Unspecified</pose>
    <truncated>0</truncated>
    <difficult>0</difficult>
    <bndbox>
      <xmin>754</xmin>
      <ymin>155</ymin>
      <xmax>909</xmax>
      <ymax>240</ymax>
    </bndbox>
  </object>
  <object>
    <name>motorcycle</name>
    <pose>Unspecified</pose>
    <truncated>0</truncated>
    <difficult>0</difficult>
    <bndbox>
      <xmin>1219</xmin>
      <ymin>323</ymin>
      <xmax>1279</xmax>
      <ymax>392</ymax>
    </bndbox>
  </object>
  <object>
    <name>motorcycle</name>
    <pose>Unspecified</pose>
    <truncated>0</truncated>
    <difficult>0</difficult>
    <bndbox>
      <xmin>962</xmin>
      <ymin>246</ymin>
      <xmax>1060</xmax>
      <ymax>320</ymax>
    </bndbox>
  </object>
  <object>
    <name>motorcycle</name>
    <pose>Unspecified</pose>
    <truncated>0</truncated>
    <difficult>0</difficult>
    <bndbox>
      <xmin>1061</xmin>
      <ymin>204</ymin>
      <xmax>1149</xmax>
      <ymax>279</ymax>
    </bndbox>
  </object>
  <object>
    <name>motorcycle</name>
    <pose>Unspecified</pose>
    <truncated>0</truncated>
    <difficult>0</difficult>
    <bndbox>
      <xmin>1132</xmin>
      <ymin>274</ymin>
      <xmax>1236</xmax>
      <ymax>346</ymax>
    </bndbox>
  </object>
  <object>
    <name>motorcycle</name>
    <pose>Unspecified</pose>
    <truncated>0</truncated>
    <difficult>0</difficult>
    <bndbox>
      <xmin>1113</xmin>
      <ymin>261</ymin>
      <xmax>1204</xmax>
      <ymax>324</ymax>
    </bndbox>
  </object>
</annotation>
