<annotation>
  <folder>Unspecified</folder>
  <filename>morning_5_2020-03-20_00101.txt</filename>
  <path>/home/luan/workspace/pytorch-ssd/dataset/JPEGImages/morning_5_2020-03-20_00101.txt</path>
  <source>
    <database>Unknown</database>
  </source>
  <size>
    <width>1280</width>
    <height>960</height>
    <depth>3</depth>
  </size>
  <segmented>0</segmented>
  <object>
    <name>pedestrian</name>
    <pose>Unspecified</pose>
    <truncated>0</truncated>
    <difficult>0</difficult>
    <bndbox>
      <xmin>778</xmin>
      <ymin>668</ymin>
      <xmax>835</xmax>
      <ymax>796</ymax>
    </bndbox>
  </object>
  <object>
    <name>car</name>
    <pose>Unspecified</pose>
    <truncated>0</truncated>
    <difficult>0</difficult>
    <bndbox>
      <xmin>766</xmin>
      <ymin>384</ymin>
      <xmax>966</xmax>
      <ymax>529</ymax>
    </bndbox>
  </object>
</annotation>
