<annotation>
  <folder>Unspecified</folder>
  <filename>morning_4_2020-03-19_04302.txt</filename>
  <path>/home/luan/workspace/pytorch-ssd/dataset/JPEGImages/morning_4_2020-03-19_04302.txt</path>
  <source>
    <database>Unknown</database>
  </source>
  <size>
    <width>1280</width>
    <height>960</height>
    <depth>3</depth>
  </size>
  <segmented>0</segmented>
  <object>
    <name>pedestrian</name>
    <pose>Unspecified</pose>
    <truncated>0</truncated>
    <difficult>0</difficult>
    <bndbox>
      <xmin>145</xmin>
      <ymin>771</ymin>
      <xmax>270</xmax>
      <ymax>959</ymax>
    </bndbox>
  </object>
  <object>
    <name>car</name>
    <pose>Unspecified</pose>
    <truncated>0</truncated>
    <difficult>0</difficult>
    <bndbox>
      <xmin>858</xmin>
      <ymin>344</ymin>
      <xmax>1136</xmax>
      <ymax>460</ymax>
    </bndbox>
  </object>
  <object>
    <name>car</name>
    <pose>Unspecified</pose>
    <truncated>0</truncated>
    <difficult>0</difficult>
    <bndbox>
      <xmin>891</xmin>
      <ymin>399</ymin>
      <xmax>1189</xmax>
      <ymax>538</ymax>
    </bndbox>
  </object>
  <object>
    <name>motorcycle</name>
    <pose>Unspecified</pose>
    <truncated>0</truncated>
    <difficult>0</difficult>
    <bndbox>
      <xmin>1068</xmin>
      <ymin>156</ymin>
      <xmax>1160</xmax>
      <ymax>215</ymax>
    </bndbox>
  </object>
  <object>
    <name>motorcycle</name>
    <pose>Unspecified</pose>
    <truncated>0</truncated>
    <difficult>0</difficult>
    <bndbox>
      <xmin>1004</xmin>
      <ymin>223</ymin>
      <xmax>1097</xmax>
      <ymax>290</ymax>
    </bndbox>
  </object>
  <object>
    <name>motorcycle</name>
    <pose>Unspecified</pose>
    <truncated>0</truncated>
    <difficult>0</difficult>
    <bndbox>
      <xmin>1138</xmin>
      <ymin>201</ymin>
      <xmax>1230</xmax>
      <ymax>273</ymax>
    </bndbox>
  </object>
  <object>
    <name>motorcycle</name>
    <pose>Unspecified</pose>
    <truncated>0</truncated>
    <difficult>0</difficult>
    <bndbox>
      <xmin>1154</xmin>
      <ymin>225</ymin>
      <xmax>1244</xmax>
      <ymax>290</ymax>
    </bndbox>
  </object>
  <object>
    <name>motorcycle</name>
    <pose>Unspecified</pose>
    <truncated>0</truncated>
    <difficult>0</difficult>
    <bndbox>
      <xmin>1188</xmin>
      <ymin>241</ymin>
      <xmax>1269</xmax>
      <ymax>297</ymax>
    </bndbox>
  </object>
  <object>
    <name>motorcycle</name>
    <pose>Unspecified</pose>
    <truncated>0</truncated>
    <difficult>0</difficult>
    <bndbox>
      <xmin>1183</xmin>
      <ymin>253</ymin>
      <xmax>1279</xmax>
      <ymax>336</ymax>
    </bndbox>
  </object>
  <object>
    <name>car</name>
    <pose>Unspecified</pose>
    <truncated>0</truncated>
    <difficult>0</difficult>
    <bndbox>
      <xmin>0</xmin>
      <ymin>711</ymin>
      <xmax>182</xmax>
      <ymax>939</ymax>
    </bndbox>
  </object>
  <object>
    <name>car</name>
    <pose>Unspecified</pose>
    <truncated>0</truncated>
    <difficult>0</difficult>
    <bndbox>
      <xmin>2</xmin>
      <ymin>562</ymin>
      <xmax>176</xmax>
      <ymax>755</ymax>
    </bndbox>
  </object>
  <object>
    <name>car</name>
    <pose>Unspecified</pose>
    <truncated>0</truncated>
    <difficult>0</difficult>
    <bndbox>
      <xmin>2</xmin>
      <ymin>466</ymin>
      <xmax>232</xmax>
      <ymax>635</ymax>
    </bndbox>
  </object>
  <object>
    <name>car</name>
    <pose>Unspecified</pose>
    <truncated>0</truncated>
    <difficult>0</difficult>
    <bndbox>
      <xmin>1</xmin>
      <ymin>386</ymin>
      <xmax>259</xmax>
      <ymax>517</ymax>
    </bndbox>
  </object>
  <object>
    <name>car</name>
    <pose>Unspecified</pose>
    <truncated>0</truncated>
    <difficult>0</difficult>
    <bndbox>
      <xmin>35</xmin>
      <ymin>319</ymin>
      <xmax>301</xmax>
      <ymax>450</ymax>
    </bndbox>
  </object>
  <object>
    <name>car</name>
    <pose>Unspecified</pose>
    <truncated>0</truncated>
    <difficult>0</difficult>
    <bndbox>
      <xmin>523</xmin>
      <ymin>137</ymin>
      <xmax>617</xmax>
      <ymax>216</ymax>
    </bndbox>
  </object>
  <object>
    <name>car</name>
    <pose>Unspecified</pose>
    <truncated>0</truncated>
    <difficult>0</difficult>
    <bndbox>
      <xmin>1092</xmin>
      <ymin>710</ymin>
      <xmax>1277</xmax>
      <ymax>923</ymax>
    </bndbox>
  </object>
  <object>
    <name>car</name>
    <pose>Unspecified</pose>
    <truncated>0</truncated>
    <difficult>0</difficult>
    <bndbox>
      <xmin>976</xmin>
      <ymin>482</ymin>
      <xmax>1278</xmax>
      <ymax>646</ymax>
    </bndbox>
  </object>
  <object>
    <name>car</name>
    <pose>Unspecified</pose>
    <truncated>0</truncated>
    <difficult>0</difficult>
    <bndbox>
      <xmin>856</xmin>
      <ymin>288</ymin>
      <xmax>1080</xmax>
      <ymax>389</ymax>
    </bndbox>
  </object>
  <object>
    <name>car</name>
    <pose>Unspecified</pose>
    <truncated>0</truncated>
    <difficult>0</difficult>
    <bndbox>
      <xmin>784</xmin>
      <ymin>243</ymin>
      <xmax>1029</xmax>
      <ymax>343</ymax>
    </bndbox>
  </object>
  <object>
    <name>car</name>
    <pose>Unspecified</pose>
    <truncated>0</truncated>
    <difficult>0</difficult>
    <bndbox>
      <xmin>788</xmin>
      <ymin>206</ymin>
      <xmax>986</xmax>
      <ymax>278</ymax>
    </bndbox>
  </object>
  <object>
    <name>car</name>
    <pose>Unspecified</pose>
    <truncated>0</truncated>
    <difficult>0</difficult>
    <bndbox>
      <xmin>743</xmin>
      <ymin>175</ymin>
      <xmax>928</xmax>
      <ymax>257</ymax>
    </bndbox>
  </object>
  <object>
    <name>car</name>
    <pose>Unspecified</pose>
    <truncated>0</truncated>
    <difficult>0</difficult>
    <bndbox>
      <xmin>757</xmin>
      <ymin>149</ymin>
      <xmax>930</xmax>
      <ymax>210</ymax>
    </bndbox>
  </object>
</annotation>
