<annotation>
  <folder>Unspecified</folder>
  <filename>morning_5_2020-03-20_00201.txt</filename>
  <path>/home/luan/workspace/pytorch-ssd/dataset/JPEGImages/morning_5_2020-03-20_00201.txt</path>
  <source>
    <database>Unknown</database>
  </source>
  <size>
    <width>1280</width>
    <height>960</height>
    <depth>3</depth>
  </size>
  <segmented>0</segmented>
  <object>
    <name>pedestrian</name>
    <pose>Unspecified</pose>
    <truncated>0</truncated>
    <difficult>0</difficult>
    <bndbox>
      <xmin>287</xmin>
      <ymin>654</ymin>
      <xmax>332</xmax>
      <ymax>715</ymax>
    </bndbox>
  </object>
  <object>
    <name>motorcycle</name>
    <pose>Unspecified</pose>
    <truncated>0</truncated>
    <difficult>0</difficult>
    <bndbox>
      <xmin>1177</xmin>
      <ymin>23</ymin>
      <xmax>1204</xmax>
      <ymax>63</ymax>
    </bndbox>
  </object>
  <object>
    <name>car</name>
    <pose>Unspecified</pose>
    <truncated>0</truncated>
    <difficult>0</difficult>
    <bndbox>
      <xmin>764</xmin>
      <ymin>388</ymin>
      <xmax>966</xmax>
      <ymax>528</ymax>
    </bndbox>
  </object>
  <object>
    <name>car</name>
    <pose>Unspecified</pose>
    <truncated>0</truncated>
    <difficult>0</difficult>
    <bndbox>
      <xmin>200</xmin>
      <ymin>677</ymin>
      <xmax>437</xmax>
      <ymax>905</ymax>
    </bndbox>
  </object>
</annotation>
