<annotation>
  <folder>Unspecified</folder>
  <filename>night_3_2020-03-17_00501.txt</filename>
  <path>/home/luan/workspace/pytorch-ssd/dataset/JPEGImages/night_3_2020-03-17_00501.txt</path>
  <source>
    <database>Unknown</database>
  </source>
  <size>
    <width>1280</width>
    <height>960</height>
    <depth>3</depth>
  </size>
  <segmented>0</segmented>
  <object>
    <name>car</name>
    <pose>Unspecified</pose>
    <truncated>0</truncated>
    <difficult>0</difficult>
    <bndbox>
      <xmin>392</xmin>
      <ymin>661</ymin>
      <xmax>639</xmax>
      <ymax>841</ymax>
    </bndbox>
  </object>
  <object>
    <name>car</name>
    <pose>Unspecified</pose>
    <truncated>0</truncated>
    <difficult>0</difficult>
    <bndbox>
      <xmin>809</xmin>
      <ymin>305</ymin>
      <xmax>992</xmax>
      <ymax>392</ymax>
    </bndbox>
  </object>
  <object>
    <name>car</name>
    <pose>Unspecified</pose>
    <truncated>0</truncated>
    <difficult>0</difficult>
    <bndbox>
      <xmin>875</xmin>
      <ymin>376</ymin>
      <xmax>1055</xmax>
      <ymax>484</ymax>
    </bndbox>
  </object>
  <object>
    <name>car</name>
    <pose>Unspecified</pose>
    <truncated>0</truncated>
    <difficult>0</difficult>
    <bndbox>
      <xmin>1019</xmin>
      <ymin>252</ymin>
      <xmax>1184</xmax>
      <ymax>340</ymax>
    </bndbox>
  </object>
</annotation>
