<annotation>
  <folder>Unspecified</folder>
  <filename>night_1_2020-03-13_00008.txt</filename>
  <path>/home/luan/workspace/pytorch-ssd/dataset/JPEGImages/night_1_2020-03-13_00008.txt</path>
  <source>
    <database>Unknown</database>
  </source>
  <size>
    <width>1280</width>
    <height>960</height>
    <depth>3</depth>
  </size>
  <segmented>0</segmented>
  <object>
    <name>car</name>
    <pose>Unspecified</pose>
    <truncated>0</truncated>
    <difficult>0</difficult>
    <bndbox>
      <xmin>603</xmin>
      <ymin>504</ymin>
      <xmax>745</xmax>
      <ymax>692</ymax>
    </bndbox>
  </object>
</annotation>
