<annotation>
  <folder>Unspecified</folder>
  <filename>night_2_2020-03-16_00001.txt</filename>
  <path>/home/luan/workspace/pytorch-ssd/dataset/JPEGImages/night_2_2020-03-16_00001.txt</path>
  <source>
    <database>Unknown</database>
  </source>
  <size>
    <width>1280</width>
    <height>960</height>
    <depth>3</depth>
  </size>
  <segmented>0</segmented>
  <object>
    <name>car</name>
    <pose>Unspecified</pose>
    <truncated>0</truncated>
    <difficult>0</difficult>
    <bndbox>
      <xmin>674</xmin>
      <ymin>425</ymin>
      <xmax>866</xmax>
      <ymax>537</ymax>
    </bndbox>
  </object>
  <object>
    <name>car</name>
    <pose>Unspecified</pose>
    <truncated>0</truncated>
    <difficult>0</difficult>
    <bndbox>
      <xmin>895</xmin>
      <ymin>275</ymin>
      <xmax>1051</xmax>
      <ymax>358</ymax>
    </bndbox>
  </object>
  <object>
    <name>car</name>
    <pose>Unspecified</pose>
    <truncated>0</truncated>
    <difficult>0</difficult>
    <bndbox>
      <xmin>259</xmin>
      <ymin>327</ymin>
      <xmax>411</xmax>
      <ymax>421</ymax>
    </bndbox>
  </object>
</annotation>
