<annotation>
  <folder>Unspecified</folder>
  <filename>night_2_2020-03-16_00202.txt</filename>
  <path>/home/luan/workspace/pytorch-ssd/dataset/JPEGImages/night_2_2020-03-16_00202.txt</path>
  <source>
    <database>Unknown</database>
  </source>
  <size>
    <width>1280</width>
    <height>960</height>
    <depth>3</depth>
  </size>
  <segmented>0</segmented>
  <object>
    <name>car</name>
    <pose>Unspecified</pose>
    <truncated>0</truncated>
    <difficult>0</difficult>
    <bndbox>
      <xmin>256</xmin>
      <ymin>321</ymin>
      <xmax>408</xmax>
      <ymax>422</ymax>
    </bndbox>
  </object>
  <object>
    <name>pedestrian</name>
    <pose>Unspecified</pose>
    <truncated>0</truncated>
    <difficult>0</difficult>
    <bndbox>
      <xmin>508</xmin>
      <ymin>422</ymin>
      <xmax>553</xmax>
      <ymax>513</ymax>
    </bndbox>
  </object>
  <object>
    <name>pedestrian</name>
    <pose>Unspecified</pose>
    <truncated>0</truncated>
    <difficult>0</difficult>
    <bndbox>
      <xmin>587</xmin>
      <ymin>474</ymin>
      <xmax>626</xmax>
      <ymax>567</ymax>
    </bndbox>
  </object>
  <object>
    <name>car</name>
    <pose>Unspecified</pose>
    <truncated>0</truncated>
    <difficult>0</difficult>
    <bndbox>
      <xmin>681</xmin>
      <ymin>424</ymin>
      <xmax>867</xmax>
      <ymax>537</ymax>
    </bndbox>
  </object>
  <object>
    <name>car</name>
    <pose>Unspecified</pose>
    <truncated>0</truncated>
    <difficult>0</difficult>
    <bndbox>
      <xmin>890</xmin>
      <ymin>270</ymin>
      <xmax>1050</xmax>
      <ymax>356</ymax>
    </bndbox>
  </object>
</annotation>
