<annotation>
  <folder>Unspecified</folder>
  <filename>night_4_2020-03-18_00801.txt</filename>
  <path>/home/luan/workspace/pytorch-ssd/dataset/JPEGImages/night_4_2020-03-18_00801.txt</path>
  <source>
    <database>Unknown</database>
  </source>
  <size>
    <width>1280</width>
    <height>960</height>
    <depth>3</depth>
  </size>
  <segmented>0</segmented>
  <object>
    <name>pedestrian</name>
    <pose>Unspecified</pose>
    <truncated>0</truncated>
    <difficult>0</difficult>
    <bndbox>
      <xmin>512</xmin>
      <ymin>487</ymin>
      <xmax>568</xmax>
      <ymax>541</ymax>
    </bndbox>
  </object>
  <object>
    <name>pedestrian</name>
    <pose>Unspecified</pose>
    <truncated>0</truncated>
    <difficult>0</difficult>
    <bndbox>
      <xmin>422</xmin>
      <ymin>621</ymin>
      <xmax>497</xmax>
      <ymax>729</ymax>
    </bndbox>
  </object>
  <object>
    <name>car</name>
    <pose>Unspecified</pose>
    <truncated>0</truncated>
    <difficult>0</difficult>
    <bndbox>
      <xmin>474</xmin>
      <ymin>525</ymin>
      <xmax>711</xmax>
      <ymax>724</ymax>
    </bndbox>
  </object>
</annotation>
