<annotation>
  <folder>Unspecified</folder>
  <filename>night_4_2020-03-18_00403.txt</filename>
  <path>/home/luan/workspace/pytorch-ssd/dataset/JPEGImages/night_4_2020-03-18_00403.txt</path>
  <source>
    <database>Unknown</database>
  </source>
  <size>
    <width>1280</width>
    <height>960</height>
    <depth>3</depth>
  </size>
  <segmented>0</segmented>
  <object>
    <name>car</name>
    <pose>Unspecified</pose>
    <truncated>0</truncated>
    <difficult>0</difficult>
    <bndbox>
      <xmin>562</xmin>
      <ymin>141</ymin>
      <xmax>714</xmax>
      <ymax>228</ymax>
    </bndbox>
  </object>
  <object>
    <name>car</name>
    <pose>Unspecified</pose>
    <truncated>0</truncated>
    <difficult>0</difficult>
    <bndbox>
      <xmin>469</xmin>
      <ymin>518</ymin>
      <xmax>710</xmax>
      <ymax>714</ymax>
    </bndbox>
  </object>
  <object>
    <name>car</name>
    <pose>Unspecified</pose>
    <truncated>0</truncated>
    <difficult>0</difficult>
    <bndbox>
      <xmin>1019</xmin>
      <ymin>225</ymin>
      <xmax>1187</xmax>
      <ymax>335</ymax>
    </bndbox>
  </object>
  <object>
    <name>pedestrian</name>
    <pose>Unspecified</pose>
    <truncated>0</truncated>
    <difficult>0</difficult>
    <bndbox>
      <xmin>1005</xmin>
      <ymin>204</ymin>
      <xmax>1039</xmax>
      <ymax>278</ymax>
    </bndbox>
  </object>
  <object>
    <name>pedestrian</name>
    <pose>Unspecified</pose>
    <truncated>0</truncated>
    <difficult>0</difficult>
    <bndbox>
      <xmin>1064</xmin>
      <ymin>250</ymin>
      <xmax>1095</xmax>
      <ymax>329</ymax>
    </bndbox>
  </object>
  <object>
    <name>pedestrian</name>
    <pose>Unspecified</pose>
    <truncated>0</truncated>
    <difficult>0</difficult>
    <bndbox>
      <xmin>1024</xmin>
      <ymin>232</ymin>
      <xmax>1056</xmax>
      <ymax>310</ymax>
    </bndbox>
  </object>
</annotation>
