<annotation>
  <folder>Unspecified</folder>
  <filename>night_3_2020-03-17_00503.txt</filename>
  <path>/home/luan/workspace/pytorch-ssd/dataset/JPEGImages/night_3_2020-03-17_00503.txt</path>
  <source>
    <database>Unknown</database>
  </source>
  <size>
    <width>1280</width>
    <height>960</height>
    <depth>3</depth>
  </size>
  <segmented>0</segmented>
  <object>
    <name>car</name>
    <pose>Unspecified</pose>
    <truncated>0</truncated>
    <difficult>0</difficult>
    <bndbox>
      <xmin>694</xmin>
      <ymin>282</ymin>
      <xmax>791</xmax>
      <ymax>416</ymax>
    </bndbox>
  </object>
  <object>
    <name>car</name>
    <pose>Unspecified</pose>
    <truncated>0</truncated>
    <difficult>0</difficult>
    <bndbox>
      <xmin>391</xmin>
      <ymin>652</ymin>
      <xmax>635</xmax>
      <ymax>838</ymax>
    </bndbox>
  </object>
  <object>
    <name>car</name>
    <pose>Unspecified</pose>
    <truncated>0</truncated>
    <difficult>0</difficult>
    <bndbox>
      <xmin>878</xmin>
      <ymin>369</ymin>
      <xmax>1055</xmax>
      <ymax>474</ymax>
    </bndbox>
  </object>
  <object>
    <name>car</name>
    <pose>Unspecified</pose>
    <truncated>0</truncated>
    <difficult>0</difficult>
    <bndbox>
      <xmin>1018</xmin>
      <ymin>250</ymin>
      <xmax>1186</xmax>
      <ymax>339</ymax>
    </bndbox>
  </object>
</annotation>
