<annotation>
  <folder>Unspecified</folder>
  <filename>night_4_2020-03-18_00501.txt</filename>
  <path>/home/luan/workspace/pytorch-ssd/dataset/JPEGImages/night_4_2020-03-18_00501.txt</path>
  <source>
    <database>Unknown</database>
  </source>
  <size>
    <width>1280</width>
    <height>960</height>
    <depth>3</depth>
  </size>
  <segmented>0</segmented>
  <object>
    <name>car</name>
    <pose>Unspecified</pose>
    <truncated>0</truncated>
    <difficult>0</difficult>
    <bndbox>
      <xmin>556</xmin>
      <ymin>141</ymin>
      <xmax>714</xmax>
      <ymax>226</ymax>
    </bndbox>
  </object>
  <object>
    <name>car</name>
    <pose>Unspecified</pose>
    <truncated>0</truncated>
    <difficult>0</difficult>
    <bndbox>
      <xmin>864</xmin>
      <ymin>184</ymin>
      <xmax>1060</xmax>
      <ymax>280</ymax>
    </bndbox>
  </object>
  <object>
    <name>car</name>
    <pose>Unspecified</pose>
    <truncated>0</truncated>
    <difficult>0</difficult>
    <bndbox>
      <xmin>472</xmin>
      <ymin>513</ymin>
      <xmax>712</xmax>
      <ymax>721</ymax>
    </bndbox>
  </object>
</annotation>
