<annotation>
  <folder>Unspecified</folder>
  <filename>night_3_2020-03-17_01102.txt</filename>
  <path>/home/luan/workspace/pytorch-ssd/dataset/JPEGImages/night_3_2020-03-17_01102.txt</path>
  <source>
    <database>Unknown</database>
  </source>
  <size>
    <width>1280</width>
    <height>960</height>
    <depth>3</depth>
  </size>
  <segmented>0</segmented>
  <object>
    <name>pedestrian</name>
    <pose>Unspecified</pose>
    <truncated>0</truncated>
    <difficult>0</difficult>
    <bndbox>
      <xmin>692</xmin>
      <ymin>332</ymin>
      <xmax>736</xmax>
      <ymax>426</ymax>
    </bndbox>
  </object>
  <object>
    <name>car</name>
    <pose>Unspecified</pose>
    <truncated>0</truncated>
    <difficult>0</difficult>
    <bndbox>
      <xmin>381</xmin>
      <ymin>657</ymin>
      <xmax>638</xmax>
      <ymax>838</ymax>
    </bndbox>
  </object>
  <object>
    <name>car</name>
    <pose>Unspecified</pose>
    <truncated>0</truncated>
    <difficult>0</difficult>
    <bndbox>
      <xmin>877</xmin>
      <ymin>365</ymin>
      <xmax>1056</xmax>
      <ymax>489</ymax>
    </bndbox>
  </object>
  <object>
    <name>car</name>
    <pose>Unspecified</pose>
    <truncated>0</truncated>
    <difficult>0</difficult>
    <bndbox>
      <xmin>1013</xmin>
      <ymin>253</ymin>
      <xmax>1195</xmax>
      <ymax>339</ymax>
    </bndbox>
  </object>
</annotation>
