<annotation>
  <folder>Unspecified</folder>
  <filename>night_5_2020-03-19_00001.txt</filename>
  <path>/home/luan/workspace/pytorch-ssd/dataset/JPEGImages/night_5_2020-03-19_00001.txt</path>
  <source>
    <database>Unknown</database>
  </source>
  <size>
    <width>1280</width>
    <height>960</height>
    <depth>3</depth>
  </size>
  <segmented>0</segmented>
  <object>
    <name>car</name>
    <pose>Unspecified</pose>
    <truncated>0</truncated>
    <difficult>0</difficult>
    <bndbox>
      <xmin>266</xmin>
      <ymin>652</ymin>
      <xmax>554</xmax>
      <ymax>862</ymax>
    </bndbox>
  </object>
  <object>
    <name>pedestrian</name>
    <pose>Unspecified</pose>
    <truncated>0</truncated>
    <difficult>0</difficult>
    <bndbox>
      <xmin>263</xmin>
      <ymin>585</ymin>
      <xmax>322</xmax>
      <ymax>676</ymax>
    </bndbox>
  </object>
</annotation>
