<annotation>
  <folder>Unspecified</folder>
  <filename>night_5_2020-03-19_00501.txt</filename>
  <path>/home/luan/workspace/pytorch-ssd/dataset/JPEGImages/night_5_2020-03-19_00501.txt</path>
  <source>
    <database>Unknown</database>
  </source>
  <size>
    <width>1280</width>
    <height>960</height>
    <depth>3</depth>
  </size>
  <segmented>0</segmented>
  <object>
    <name>motorcycle</name>
    <pose>Unspecified</pose>
    <truncated>0</truncated>
    <difficult>0</difficult>
    <bndbox>
      <xmin>804</xmin>
      <ymin>683</ymin>
      <xmax>967</xmax>
      <ymax>812</ymax>
    </bndbox>
  </object>
</annotation>
