<annotation>
  <folder>Unspecified</folder>
  <filename>night_4_2020-03-18_00402.txt</filename>
  <path>/home/luan/workspace/pytorch-ssd/dataset/JPEGImages/night_4_2020-03-18_00402.txt</path>
  <source>
    <database>Unknown</database>
  </source>
  <size>
    <width>1280</width>
    <height>960</height>
    <depth>3</depth>
  </size>
  <segmented>0</segmented>
  <object>
    <name>car</name>
    <pose>Unspecified</pose>
    <truncated>0</truncated>
    <difficult>0</difficult>
    <bndbox>
      <xmin>464</xmin>
      <ymin>521</ymin>
      <xmax>716</xmax>
      <ymax>717</ymax>
    </bndbox>
  </object>
  <object>
    <name>car</name>
    <pose>Unspecified</pose>
    <truncated>0</truncated>
    <difficult>0</difficult>
    <bndbox>
      <xmin>562</xmin>
      <ymin>135</ymin>
      <xmax>728</xmax>
      <ymax>230</ymax>
    </bndbox>
  </object>
  <object>
    <name>car</name>
    <pose>Unspecified</pose>
    <truncated>0</truncated>
    <difficult>0</difficult>
    <bndbox>
      <xmin>1004</xmin>
      <ymin>219</ymin>
      <xmax>1190</xmax>
      <ymax>336</ymax>
    </bndbox>
  </object>
  <object>
    <name>pedestrian</name>
    <pose>Unspecified</pose>
    <truncated>0</truncated>
    <difficult>0</difficult>
    <bndbox>
      <xmin>782</xmin>
      <ymin>316</ymin>
      <xmax>814</xmax>
      <ymax>366</ymax>
    </bndbox>
  </object>
  <object>
    <name>pedestrian</name>
    <pose>Unspecified</pose>
    <truncated>0</truncated>
    <difficult>0</difficult>
    <bndbox>
      <xmin>821</xmin>
      <ymin>346</ymin>
      <xmax>864</xmax>
      <ymax>443</ymax>
    </bndbox>
  </object>
  <object>
    <name>pedestrian</name>
    <pose>Unspecified</pose>
    <truncated>0</truncated>
    <difficult>0</difficult>
    <bndbox>
      <xmin>790</xmin>
      <ymin>342</ymin>
      <xmax>823</xmax>
      <ymax>438</ymax>
    </bndbox>
  </object>
</annotation>
