<annotation>
  <folder>Unspecified</folder>
  <filename>night_5_2020-03-19_00101.txt</filename>
  <path>/home/luan/workspace/pytorch-ssd/dataset/JPEGImages/night_5_2020-03-19_00101.txt</path>
  <source>
    <database>Unknown</database>
  </source>
  <size>
    <width>1280</width>
    <height>960</height>
    <depth>3</depth>
  </size>
  <segmented>0</segmented>
  <object>
    <name>pedestrian</name>
    <pose>Unspecified</pose>
    <truncated>0</truncated>
    <difficult>0</difficult>
    <bndbox>
      <xmin>364</xmin>
      <ymin>606</ymin>
      <xmax>426</xmax>
      <ymax>681</ymax>
    </bndbox>
  </object>
  <object>
    <name>car</name>
    <pose>Unspecified</pose>
    <truncated>0</truncated>
    <difficult>0</difficult>
    <bndbox>
      <xmin>261</xmin>
      <ymin>644</ymin>
      <xmax>551</xmax>
      <ymax>867</ymax>
    </bndbox>
  </object>
</annotation>
