<annotation>
  <folder>Unspecified</folder>
  <filename>night_2_2020-03-16_00802.txt</filename>
  <path>/home/luan/workspace/pytorch-ssd/dataset/JPEGImages/night_2_2020-03-16_00802.txt</path>
  <source>
    <database>Unknown</database>
  </source>
  <size>
    <width>1280</width>
    <height>960</height>
    <depth>3</depth>
  </size>
  <segmented>0</segmented>
  <object>
    <name>car</name>
    <pose>Unspecified</pose>
    <truncated>0</truncated>
    <difficult>0</difficult>
    <bndbox>
      <xmin>257</xmin>
      <ymin>154</ymin>
      <xmax>416</xmax>
      <ymax>245</ymax>
    </bndbox>
  </object>
  <object>
    <name>car</name>
    <pose>Unspecified</pose>
    <truncated>0</truncated>
    <difficult>0</difficult>
    <bndbox>
      <xmin>1</xmin>
      <ymin>852</ymin>
      <xmax>130</xmax>
      <ymax>960</ymax>
    </bndbox>
  </object>
</annotation>
