<annotation>
  <folder>Unspecified</folder>
  <filename>night_3_2020-03-17_00001.txt</filename>
  <path>/home/luan/workspace/pytorch-ssd/dataset/JPEGImages/night_3_2020-03-17_00001.txt</path>
  <source>
    <database>Unknown</database>
  </source>
  <size>
    <width>1280</width>
    <height>960</height>
    <depth>3</depth>
  </size>
  <segmented>0</segmented>
  <object>
    <name>car</name>
    <pose>Unspecified</pose>
    <truncated>0</truncated>
    <difficult>0</difficult>
    <bndbox>
      <xmin>120</xmin>
      <ymin>822</ymin>
      <xmax>396</xmax>
      <ymax>960</ymax>
    </bndbox>
  </object>
  <object>
    <name>car</name>
    <pose>Unspecified</pose>
    <truncated>0</truncated>
    <difficult>0</difficult>
    <bndbox>
      <xmin>385</xmin>
      <ymin>655</ymin>
      <xmax>650</xmax>
      <ymax>839</ymax>
    </bndbox>
  </object>
  <object>
    <name>car</name>
    <pose>Unspecified</pose>
    <truncated>0</truncated>
    <difficult>0</difficult>
    <bndbox>
      <xmin>881</xmin>
      <ymin>366</ymin>
      <xmax>1054</xmax>
      <ymax>475</ymax>
    </bndbox>
  </object>
  <object>
    <name>car</name>
    <pose>Unspecified</pose>
    <truncated>0</truncated>
    <difficult>0</difficult>
    <bndbox>
      <xmin>940</xmin>
      <ymin>326</ymin>
      <xmax>1112</xmax>
      <ymax>431</ymax>
    </bndbox>
  </object>
  <object>
    <name>car</name>
    <pose>Unspecified</pose>
    <truncated>0</truncated>
    <difficult>0</difficult>
    <bndbox>
      <xmin>1022</xmin>
      <ymin>252</ymin>
      <xmax>1190</xmax>
      <ymax>343</ymax>
    </bndbox>
  </object>
</annotation>
