<annotation>
  <folder>Unspecified</folder>
  <filename>night_3_2020-03-17_00401.txt</filename>
  <path>/home/luan/workspace/pytorch-ssd/dataset/JPEGImages/night_3_2020-03-17_00401.txt</path>
  <source>
    <database>Unknown</database>
  </source>
  <size>
    <width>1280</width>
    <height>960</height>
    <depth>3</depth>
  </size>
  <segmented>0</segmented>
  <object>
    <name>car</name>
    <pose>Unspecified</pose>
    <truncated>0</truncated>
    <difficult>0</difficult>
    <bndbox>
      <xmin>391</xmin>
      <ymin>662</ymin>
      <xmax>643</xmax>
      <ymax>837</ymax>
    </bndbox>
  </object>
  <object>
    <name>car</name>
    <pose>Unspecified</pose>
    <truncated>0</truncated>
    <difficult>0</difficult>
    <bndbox>
      <xmin>879</xmin>
      <ymin>368</ymin>
      <xmax>1058</xmax>
      <ymax>480</ymax>
    </bndbox>
  </object>
  <object>
    <name>car</name>
    <pose>Unspecified</pose>
    <truncated>0</truncated>
    <difficult>0</difficult>
    <bndbox>
      <xmin>940</xmin>
      <ymin>328</ymin>
      <xmax>1112</xmax>
      <ymax>432</ymax>
    </bndbox>
  </object>
  <object>
    <name>pedestrian</name>
    <pose>Unspecified</pose>
    <truncated>0</truncated>
    <difficult>0</difficult>
    <bndbox>
      <xmin>917</xmin>
      <ymin>327</ymin>
      <xmax>949</xmax>
      <ymax>378</ymax>
    </bndbox>
  </object>
  <object>
    <name>pedestrian</name>
    <pose>Unspecified</pose>
    <truncated>0</truncated>
    <difficult>0</difficult>
    <bndbox>
      <xmin>987</xmin>
      <ymin>302</ymin>
      <xmax>1019</xmax>
      <ymax>339</ymax>
    </bndbox>
  </object>
  <object>
    <name>car</name>
    <pose>Unspecified</pose>
    <truncated>0</truncated>
    <difficult>0</difficult>
    <bndbox>
      <xmin>1021</xmin>
      <ymin>255</ymin>
      <xmax>1189</xmax>
      <ymax>339</ymax>
    </bndbox>
  </object>
</annotation>
