<annotation>
  <folder>Unspecified</folder>
  <filename>night_4_2020-03-18_00001.txt</filename>
  <path>/home/luan/workspace/pytorch-ssd/dataset/JPEGImages/night_4_2020-03-18_00001.txt</path>
  <source>
    <database>Unknown</database>
  </source>
  <size>
    <width>1280</width>
    <height>960</height>
    <depth>3</depth>
  </size>
  <segmented>0</segmented>
  <object>
    <name>car</name>
    <pose>Unspecified</pose>
    <truncated>0</truncated>
    <difficult>0</difficult>
    <bndbox>
      <xmin>190</xmin>
      <ymin>673</ymin>
      <xmax>470</xmax>
      <ymax>925</ymax>
    </bndbox>
  </object>
  <object>
    <name>car</name>
    <pose>Unspecified</pose>
    <truncated>0</truncated>
    <difficult>0</difficult>
    <bndbox>
      <xmin>474</xmin>
      <ymin>526</ymin>
      <xmax>711</xmax>
      <ymax>714</ymax>
    </bndbox>
  </object>
  <object>
    <name>car</name>
    <pose>Unspecified</pose>
    <truncated>0</truncated>
    <difficult>0</difficult>
    <bndbox>
      <xmin>570</xmin>
      <ymin>141</ymin>
      <xmax>715</xmax>
      <ymax>224</ymax>
    </bndbox>
  </object>
  <object>
    <name>car</name>
    <pose>Unspecified</pose>
    <truncated>0</truncated>
    <difficult>0</difficult>
    <bndbox>
      <xmin>1003</xmin>
      <ymin>222</ymin>
      <xmax>1190</xmax>
      <ymax>336</ymax>
    </bndbox>
  </object>
</annotation>
