<annotation>
  <folder>Unspecified</folder>
  <filename>night_2_2020-03-16_00602.txt</filename>
  <path>/home/luan/workspace/pytorch-ssd/dataset/JPEGImages/night_2_2020-03-16_00602.txt</path>
  <source>
    <database>Unknown</database>
  </source>
  <size>
    <width>1280</width>
    <height>960</height>
    <depth>3</depth>
  </size>
  <segmented>0</segmented>
  <object>
    <name>car</name>
    <pose>Unspecified</pose>
    <truncated>0</truncated>
    <difficult>0</difficult>
    <bndbox>
      <xmin>684</xmin>
      <ymin>246</ymin>
      <xmax>872</xmax>
      <ymax>362</ymax>
    </bndbox>
  </object>
  <object>
    <name>car</name>
    <pose>Unspecified</pose>
    <truncated>0</truncated>
    <difficult>0</difficult>
    <bndbox>
      <xmin>258</xmin>
      <ymin>151</ymin>
      <xmax>407</xmax>
      <ymax>248</ymax>
    </bndbox>
  </object>
  <object>
    <name>pedestrian</name>
    <pose>Unspecified</pose>
    <truncated>0</truncated>
    <difficult>0</difficult>
    <bndbox>
      <xmin>492</xmin>
      <ymin>770</ymin>
      <xmax>546</xmax>
      <ymax>881</ymax>
    </bndbox>
  </object>
  <object>
    <name>pedestrian</name>
    <pose>Unspecified</pose>
    <truncated>0</truncated>
    <difficult>0</difficult>
    <bndbox>
      <xmin>505</xmin>
      <ymin>702</ymin>
      <xmax>557</xmax>
      <ymax>789</ymax>
    </bndbox>
  </object>
  <object>
    <name>pedestrian</name>
    <pose>Unspecified</pose>
    <truncated>0</truncated>
    <difficult>0</difficult>
    <bndbox>
      <xmin>546</xmin>
      <ymin>774</ymin>
      <xmax>586</xmax>
      <ymax>852</ymax>
    </bndbox>
  </object>
  <object>
    <name>pedestrian</name>
    <pose>Unspecified</pose>
    <truncated>0</truncated>
    <difficult>0</difficult>
    <bndbox>
      <xmin>804</xmin>
      <ymin>623</ymin>
      <xmax>864</xmax>
      <ymax>735</ymax>
    </bndbox>
  </object>
  <object>
    <name>car</name>
    <pose>Unspecified</pose>
    <truncated>0</truncated>
    <difficult>0</difficult>
    <bndbox>
      <xmin>0</xmin>
      <ymin>864</ymin>
      <xmax>119</xmax>
      <ymax>960</ymax>
    </bndbox>
  </object>
</annotation>
